# ************************************************************
# Sequel Pro SQL dump
# Version 4096
#
# http://www.sequelpro.com/
# http://code.google.com/p/sequel-pro/
#
# Host: 127.0.0.1 (MySQL 5.5.42)
# Database: quizz
# Generation Time: 2015-09-30 15:12:28 +0000
# ************************************************************


/*!40101 SET @OLD_CHARACTER_SET_CLIENT=@@CHARACTER_SET_CLIENT */;
/*!40101 SET @OLD_CHARACTER_SET_RESULTS=@@CHARACTER_SET_RESULTS */;
/*!40101 SET @OLD_COLLATION_CONNECTION=@@COLLATION_CONNECTION */;
/*!40101 SET NAMES utf8 */;
/*!40014 SET @OLD_FOREIGN_KEY_CHECKS=@@FOREIGN_KEY_CHECKS, FOREIGN_KEY_CHECKS=0 */;
/*!40101 SET @OLD_SQL_MODE=@@SQL_MODE, SQL_MODE='NO_AUTO_VALUE_ON_ZERO' */;
/*!40111 SET @OLD_SQL_NOTES=@@SQL_NOTES, SQL_NOTES=0 */;


# Dump of table advere_effect
# ------------------------------------------------------------

DROP TABLE IF EXISTS `advere_effect`;

CREATE TABLE `advere_effect` (
  `id` int(11) NOT NULL,
  PRIMARY KEY (`id`),
  CONSTRAINT `FK_427DA929BF396750` FOREIGN KEY (`id`) REFERENCES `answer` (`id`) ON DELETE CASCADE
) ENGINE=InnoDB DEFAULT CHARSET=utf8 COLLATE=utf8_unicode_ci;

LOCK TABLES `advere_effect` WRITE;
/*!40000 ALTER TABLE `advere_effect` DISABLE KEYS */;

INSERT INTO `advere_effect` (`id`)
VALUES
	(50000),
	(50001),
	(50002),
	(50003),
	(50004),
	(50005),
	(50006),
	(50007),
	(50008),
	(50009),
	(50010),
	(50011),
	(50012),
	(50013),
	(50014),
	(50015),
	(50016),
	(50017),
	(50018),
	(50019),
	(50020),
	(50021),
	(50022),
	(50023),
	(50024),
	(50025),
	(50026),
	(50027),
	(50028),
	(50029),
	(50030),
	(50031),
	(50032),
	(50033);

/*!40000 ALTER TABLE `advere_effect` ENABLE KEYS */;
UNLOCK TABLES;


# Dump of table answer
# ------------------------------------------------------------

DROP TABLE IF EXISTS `answer`;

CREATE TABLE `answer` (
  `id` int(11) NOT NULL AUTO_INCREMENT,
  `importance` int(11) DEFAULT NULL,
  `name` varchar(255) COLLATE utf8_unicode_ci NOT NULL,
  `wikipedia_link` varchar(255) COLLATE utf8_unicode_ci DEFAULT NULL,
  `discriminator` varchar(255) COLLATE utf8_unicode_ci NOT NULL,
  PRIMARY KEY (`id`)
) ENGINE=InnoDB DEFAULT CHARSET=utf8 COLLATE=utf8_unicode_ci;

LOCK TABLES `answer` WRITE;
/*!40000 ALTER TABLE `answer` DISABLE KEYS */;

INSERT INTO `answer` (`id`, `importance`, `name`, `wikipedia_link`, `discriminator`)
VALUES
	(10000,3,'Rituximab','http://en.wikipedia.org/wiki/Rituximab','drug'),
	(10001,3,'Bortezomib','http://en.wikipedia.org/wiki/Bortezomib','drug'),
	(10002,2,'Carfilzomib','http://en.wikipedia.org/wiki/Carfilzomib','drug'),
	(10003,3,'Anakinra','http://en.wikipedia.org/wiki/Anakinra','drug'),
	(10004,3,'Etanercept','http://en.wikipedia.org/wiki/Etanercept','drug'),
	(10005,3,'Trastuzumab','http://en.wikipedia.org/wiki/Trastuzumab','drug'),
	(10006,3,'Cetuximab','http://en.wikipedia.org/wiki/Cetuximab','drug'),
	(10007,3,'Imatinib','http://en.wikipedia.org/wiki/Imatinib','drug'),
	(10008,3,'Tocilizumab','http://en.wikipedia.org/wiki/Tocilizumab','drug'),
	(10009,3,'Adalimumab','http://en.wikipedia.org/wiki/Adalimumab','drug'),
	(10010,3,'Bevacizumab','http://en.wikipedia.org/wiki/Bevacizumab','drug'),
	(10011,2,'Alemtuzumab','http://en.wikipedia.org/wiki/Alemtuzumab','drug'),
	(10012,2,'Golimumab','http://en.wikipedia.org/wiki/Golimumab','drug'),
	(10013,1,'Eculizumab','http://en.wikipedia.org/wiki/Eculizumab','drug'),
	(10014,2,'Sunitinib','http://en.wikipedia.org/wiki/Sunitinib','drug'),
	(10015,2,'Belimumab','http://en.wikipedia.org/wiki/Belimumab','drug'),
	(10016,2,'Omalizumab','http://en.wikipedia.org/wiki/Omalizumab','drug'),
	(10017,2,'Erlotinib','http://en.wikipedia.org/wiki/Erlotinib','drug'),
	(10018,3,'Panitumumab','http://en.wikipedia.org/wiki/Panitumumab','drug'),
	(10019,1,'Ipilimumab','http://en.wikipedia.org/wiki/Ipilimumab','drug'),
	(10020,2,'Gefetenib','http://en.wikipedia.org/wiki/Gefitinib','drug'),
	(10021,3,'Amitriptyline','http://en.wikipedia.org/wiki/Amitriptyline','drug'),
	(10022,2,'Doxepin','http://en.wikipedia.org/wiki/Doxepin','drug'),
	(10023,2,'Imipramine','http://en.wikipedia.org/wiki/Imipramine','drug'),
	(10024,2,'Clomipramine','http://en.wikipedia.org/wiki/Clomipramine','drug'),
	(10025,3,'Mirtazapine','http://en.wikipedia.org/wiki/Mirtazapine','drug'),
	(10026,3,'Citalopram','http://en.wikipedia.org/wiki/Citalopram','drug'),
	(10027,3,'Sertraline','http://en.wikipedia.org/wiki/Sertraline','drug'),
	(10028,2,'Paroxetine','http://en.wikipedia.org/wiki/Paroxetine','drug'),
	(10029,2,'Fluoxetine','http://en.wikipedia.org/wiki/Fluoxetine','drug'),
	(10030,3,'Venlafaxine','http://en.wikipedia.org/wiki/Venlafaxine','drug'),
	(10031,2,'Mianserin','http://en.wikipedia.org/wiki/Mianserin','drug'),
	(10032,3,'Duloxetine','http://en.wikipedia.org/wiki/Duloxetine','drug'),
	(10033,3,'Moclobemid','http://en.wikipedia.org/wiki/Moclobemide','drug'),
	(10034,1,'Tranylcypromine','http://en.wikipedia.org/wiki/Tranylcypromine','drug'),
	(10035,2,'Desipramine','http://en.wikipedia.org/wiki/Desipramine','drug'),
	(10036,3,'Lithium','http://en.wikipedia.org/wiki/Lithium_(medication)','drug'),
	(10037,3,'Valproic acid/Valproate','http://en.wikipedia.org/wiki/Valproic_acid','drug'),
	(10038,1,'Promethazine','http://en.wikipedia.org/wiki/Promethazine','drug'),
	(10039,1,'Levomepromazine/Methotrimeprazine','http://en.wikipedia.org/wiki/Levomepromazine','drug'),
	(10040,2,'Aripiprazole','http://en.wikipedia.org/wiki/Aripiprazole','drug'),
	(10041,3,'Haloperidol','http://en.wikipedia.org/wiki/Haloperidol','drug'),
	(10042,2,'Fluphenazine','http://en.wikipedia.org/wiki/Fluphenazine','drug'),
	(10043,2,'Selegiline','http://en.wikipedia.org/wiki/Selegiline','drug'),
	(10044,2,'Tolcapone','http://en.wikipedia.org/wiki/Tolcapone','drug'),
	(10045,3,'Benserazide','http://en.wikipedia.org/wiki/Benserazide','drug'),
	(10046,3,'Carbidopa','http://en.wikipedia.org/wiki/Carbidopa','drug'),
	(10047,3,'L-DOPA (Levodopa)','http://en.wikipedia.org/wiki/L-DOPA','drug'),
	(10048,1,'Paliperidone','http://en.wikipedia.org/wiki/Paliperidone','drug'),
	(10049,2,'Olazapine','http://en.wikipedia.org/wiki/Olanzapine','drug'),
	(10050,3,'Clozapine','http://en.wikipedia.org/wiki/Clozapine','drug'),
	(10051,3,'Risperidone','http://en.wikipedia.org/wiki/Risperidone','drug'),
	(10052,2,'Quetiapine','http://en.wikipedia.org/wiki/Quetiapine','drug'),
	(10053,1,'Danaparoid','http://en.wikipedia.org/wiki/Danaparoid','drug'),
	(10054,2,'Rivaroxaban','http://en.wikipedia.org/wiki/Rivaroxaban','drug'),
	(10055,3,'Fondaparinux','http://en.wikipedia.org/wiki/Fondaparinux','drug'),
	(10056,3,'Dabigatran','http://en.wikipedia.org/wiki/Dabigatran','drug'),
	(10057,2,'Protamine','http://en.wikipedia.org/wiki/Protamine','drug'),
	(10058,3,'Coumarin','http://en.wikipedia.org/wiki/4-hydroxycoumarins','drug'),
	(10059,2,'Bivalirudin','http://en.wikipedia.org/wiki/Bivalirudin','drug'),
	(10060,2,'Argatroban','http://en.wikipedia.org/wiki/Argatroban','drug'),
	(10061,3,'Warfarin','http://en.wikipedia.org/wiki/Warfarin','drug'),
	(10062,2,'Abciximab','http://en.wikipedia.org/wiki/Abciximab','drug'),
	(10063,3,'Aspirin','http://en.wikipedia.org/wiki/Aspirin','drug'),
	(10064,3,'Phenprocoumon','http://en.wikipedia.org/wiki/Phenprocoumon','drug'),
	(10065,2,'Prasugrel','http://en.wikipedia.org/wiki/Prasugrel','drug'),
	(10066,3,'Clopidogrel','http://en.wikipedia.org/wiki/Clopidogrel','drug'),
	(10067,3,'Torasemide','http://en.wikipedia.org/wiki/Torasemide','drug'),
	(10068,2,'Tolvaptan','http://en.wikipedia.org/wiki/Tolvaptan','drug'),
	(10069,3,'Hydrochlorothiazide (HCT)','http://en.wikipedia.org/wiki/Hydrochlorothiazide','drug'),
	(10070,3,'Triamterene','http://en.wikipedia.org/wiki/Triamterene','drug'),
	(10071,3,'Spironolactone','http://en.wikipedia.org/wiki/Spironolactone','drug'),
	(10072,3,'Amiloride','http://en.wikipedia.org/wiki/Amiloride','drug'),
	(10073,3,'Acetazolamide','http://en.wikipedia.org/wiki/Acetazolamide','drug'),
	(10074,3,'Eplerenone','http://en.wikipedia.org/wiki/Eplerenone','drug'),
	(10075,1,'Bumetanide','http://en.wikipedia.org/wiki/Bumetanide','drug'),
	(10076,2,'Mannitol','http://en.wikipedia.org/wiki/Mannitol','drug'),
	(10077,1,'Etacrynic acide','http://en.wikipedia.org/wiki/Etacrynic_acid','drug'),
	(10078,3,'Furosemide','http://en.wikipedia.org/wiki/Furosemide','drug'),
	(10079,3,'Theophylline','http://en.wikipedia.org/wiki/Theophylline','drug'),
	(10080,3,'Telmisartan','http://en.wikipedia.org/wiki/Telmisartan','drug'),
	(10081,3,'Enalapril','http://en.wikipedia.org/wiki/Enalapril','drug'),
	(10082,3,'Ramipril','http://en.wikipedia.org/wiki/Ramipril','drug'),
	(10083,3,'Captopril','http://en.wikipedia.org/wiki/Captopril','drug'),
	(10084,3,'Lisinopril','http://en.wikipedia.org/wiki/Lisinopril','drug'),
	(10085,3,'Perindopril','http://en.wikipedia.org/wiki/Perindopril','drug'),
	(10086,2,'Doxazosin','http://en.wikipedia.org/wiki/Doxazosin','drug'),
	(10087,2,'Prazosin','http://en.wikipedia.org/wiki/Prazosin','drug'),
	(10088,1,'Moxonidine','http://en.wikipedia.org/wiki/Moxonidine','drug'),
	(10089,3,'Candesartan','http://en.wikipedia.org/wiki/Candesartan','drug'),
	(10090,3,'Losartan','http://en.wikipedia.org/wiki/Losartan','drug'),
	(10091,3,'Valsartan','http://en.wikipedia.org/wiki/Valsartan','drug'),
	(10092,3,'Eprosartan','http://en.wikipedia.org/wiki/Eprosartan','drug'),
	(10093,2,'Uradipil','http://en.wikipedia.org/wiki/Urapidil','drug'),
	(10094,3,'Clonidine','http://en.wikipedia.org/wiki/Clonidine','drug'),
	(10095,2,'Propranolol','http://en.wikipedia.org/wiki/Propranolol','drug'),
	(10096,3,'Carvedilol','http://en.wikipedia.org/wiki/Carvedilol','drug'),
	(10097,2,'Sotalol','http://en.wikipedia.org/wiki/Sotalol','drug'),
	(10098,1,'Atenolol','http://en.wikipedia.org/wiki/Atenolol','drug'),
	(10099,3,'Metoprolol','http://en.wikipedia.org/wiki/Metoprolol','drug'),
	(10100,3,'Bisoprolol','http://en.wikipedia.org/wiki/Bisoprolol','drug'),
	(10101,3,'Nebivolol','http://en.wikipedia.org/wiki/Nebivolol','drug'),
	(10102,2,'Esmolol','http://en.wikipedia.org/wiki/Esmolol','drug'),
	(10103,3,'Nifedipine','http://en.wikipedia.org/wiki/Nifedipine','drug'),
	(10104,3,'Verapamil','http://en.wikipedia.org/wiki/Verapamil','drug'),
	(10105,3,'Diltiazem','http://en.wikipedia.org/wiki/Diltiazem','drug'),
	(10106,3,'Lidocaine','http://en.wikipedia.org/wiki/Lidocaine','drug'),
	(10107,1,'Flecainide','http://en.wikipedia.org/wiki/Flecainide','drug'),
	(10108,3,'Amiodarone','http://en.wikipedia.org/wiki/Amiodarone','drug'),
	(10109,1,'Dronedarone','http://en.wikipedia.org/wiki/Dronedarone','drug'),
	(10110,1,'Ajmaline','http://en.wikipedia.org/wiki/Ajmaline','drug'),
	(10111,2,'Neostigmine','http://en.wikipedia.org/wiki/Neostigmine','drug'),
	(10112,2,'Sodium nitroprusside (SNP)','http://en.wikipedia.org/wiki/Sodium_nitroprusside','drug'),
	(10113,1,'Bendamustine','http://en.wikipedia.org/wiki/Bendamustine','drug'),
	(10114,3,'Cyclophosphamide','http://en.wikipedia.org/wiki/Cyclophosphamide','drug'),
	(10115,1,'Busulfan','http://en.wikipedia.org/wiki/Busulfan','drug'),
	(10116,2,'Chlorambucil','http://en.wikipedia.org/wiki/Chlorambucil','drug'),
	(10117,2,'Dacarbazine','http://en.wikipedia.org/wiki/Dacarbazine','drug'),
	(10118,3,'Melphalan','http://en.wikipedia.org/wiki/Melphalan','drug'),
	(10119,2,'Procarbazine','http://en.wikipedia.org/wiki/Procarbazine','drug'),
	(10120,2,'Asparaginase','http://en.wikipedia.org/wiki/Asparaginase','drug'),
	(10121,3,'5-FU','http://en.wikipedia.org/wiki/Fluorouracil','drug'),
	(10122,2,'Cytarabine','http://en.wikipedia.org/wiki/Cytarabine','drug'),
	(10123,2,'Fludarabine','http://en.wikipedia.org/wiki/Fludarabine','drug'),
	(10124,2,'Gemcitabine','http://en.wikipedia.org/wiki/Gemcitabine','drug'),
	(10125,3,'Methotrexate','http://en.wikipedia.org/wiki/Methotrexate','drug'),
	(10126,3,'Azathioprine','http://en.wikipedia.org/wiki/Azathioprine','drug'),
	(10127,2,'Actinomycin','http://en.wikipedia.org/wiki/Actinomycin','drug'),
	(10128,3,'Bleomycin','http://en.wikipedia.org/wiki/Bleomycin','drug'),
	(10129,2,'Daunorubicin','http://en.wikipedia.org/wiki/Daunorubicin','drug'),
	(10130,2,'Doxorubicin','http://en.wikipedia.org/wiki/Doxorubicin','drug'),
	(10131,3,'Mitoxantrone','http://en.wikipedia.org/wiki/Mitoxantrone','drug'),
	(10132,3,'6-Mercaptopurine','http://en.wikipedia.org/wiki/Mercaptopurine','drug'),
	(10133,2,'Etoposide','http://en.wikipedia.org/wiki/Etoposide','drug'),
	(10134,2,'Docetaxel','http://en.wikipedia.org/wiki/Docetaxel','drug'),
	(10135,2,'Irinotecan','http://en.wikipedia.org/wiki/Irinotecan','drug'),
	(10136,2,'Paclitaxel','http://en.wikipedia.org/wiki/Paclitaxel','drug'),
	(10137,2,'Topotecan','http://en.wikipedia.org/wiki/Topotecan','drug'),
	(10138,2,'Vinblastine','http://en.wikipedia.org/wiki/Vinblastine','drug'),
	(10139,2,'Vincristine','http://en.wikipedia.org/wiki/Vincristine','drug'),
	(10140,3,'Cisplatin','http://en.wikipedia.org/wiki/Cisplatin','drug'),
	(10141,3,'Oxaliplatin','http://en.wikipedia.org/wiki/Oxaliplatin','drug'),
	(10142,3,'Carboplatin','http://en.wikipedia.org/wiki/Carboplatin','drug'),
	(10143,2,'Temsirolimus','http://en.wikipedia.org/wiki/Temsirolimus','drug'),
	(10144,2,'Tacrolimus','http://en.wikipedia.org/wiki/Tacrolimus','drug'),
	(10145,1,'Mesna','http://en.wikipedia.org/wiki/Mesna','drug'),
	(10146,1,'Teriparatide','http://en.wikipedia.org/wiki/Teriparatide','drug'),
	(10147,1,'Ibandronic acid','http://en.wikipedia.org/wiki/Ibandronic_acid','drug'),
	(10148,1,'Pamidronic acid','http://en.wikipedia.org/wiki/Pamidronic_acid','drug'),
	(10149,2,'Zolendronic acid','http://en.wikipedia.org/wiki/Zolendronic_acid','drug'),
	(10150,1,'Vemurafenib','http://en.wikipedia.org/wiki/Vemurafenib','drug'),
	(10151,1,'Abiraterone','http://en.wikipedia.org/wiki/Abiraterone','drug'),
	(10152,1,'Bexarotene','http://en.wikipedia.org/wiki/Bexarotene','drug'),
	(10153,3,'Bicalutamide','http://en.wikipedia.org/wiki/Bicalutamide','drug'),
	(10154,3,'Buserelin','http://en.wikipedia.org/wiki/Buserelin','drug'),
	(10155,3,'Degarelix','http://en.wikipedia.org/wiki/Degarelix','drug'),
	(10156,3,'Flumazenil','http://en.wikipedia.org/wiki/Flumazenil','drug'),
	(10157,3,'Goserelin','http://en.wikipedia.org/wiki/Goserelin','drug'),
	(10158,1,'Leuprorelin','http://en.wikipedia.org/wiki/Leuprorelin','drug'),
	(10159,3,'Tamsulosin','http://en.wikipedia.org/wiki/Tamsulosin','drug'),
	(10160,3,'Tamoxifen','http://en.wikipedia.org/wiki/Tamoxifen','drug'),
	(10161,1,'Thalidomide','http://en.wikipedia.org/wiki/Thalidomide','drug'),
	(10162,1,'Triptorelin','http://en.wikipedia.org/wiki/Triptorelin','drug'),
	(10163,1,'Lenalidomide','http://en.wikipedia.org/wiki/Lenalidomide','drug'),
	(10164,2,'Anastrozol','http://en.wikipedia.org/wiki/Anastrozole','drug'),
	(10165,2,'Exemestan','http://en.wikipedia.org/wiki/Exemestane','drug'),
	(10166,1,'Galantamine','http://en.wikipedia.org/wiki/Galantamine','drug'),
	(10167,2,'Donepezil','http://en.wikipedia.org/wiki/Donepezil','drug'),
	(10168,1,'Denosumab ','http://en.wikipedia.org/wiki/Denosumab','drug'),
	(10169,1,'Sorafenib','http://en.wikipedia.org/wiki/Sorafenib','drug'),
	(10170,1,'Dasitinib','http://en.wikipedia.org/wiki/Dasatinib','drug'),
	(10171,2,'Nilotinib','http://en.wikipedia.org/wiki/Nilotinib','drug'),
	(10172,2,'Rasagiline','http://en.wikipedia.org/wiki/Rasagiline','drug'),
	(10173,3,'Digoxin','http://en.wikipedia.org/wiki/Digoxin','drug'),
	(10174,3,'Norepinephrine / Noradrenaline','http://en.wikipedia.org/wiki/Norepinephrine','drug'),
	(10175,3,'Dobutamine','http://en.wikipedia.org/wiki/Dobutamine','drug'),
	(10176,3,'Epinephrine / Adrenaline','http://en.wikipedia.org/wiki/Epinephrine','drug'),
	(10177,3,'Adenosine','http://en.wikipedia.org/wiki/Adenosine','drug'),
	(10178,3,'Atropine','http://en.wikipedia.org/wiki/Atropine','drug'),
	(10179,3,'Glyceryl trinitrate (GTN)','http://en.wikipedia.org/wiki/Glyceryl_trinitrate_(pharmacology)','drug'),
	(10180,1,'Molsidomine','http://en.wikipedia.org/wiki/Molsidomine','drug'),
	(10181,2,'Bromocriptine','http://en.wikipedia.org/wiki/Bromocriptine','drug'),
	(10182,3,'Enoxiparin','http://en.wikipedia.org/wiki/Enoxaparin_sodium','drug'),
	(10183,3,'O2O2','http://en.wikipedia.org/wiki/Oxygen','drug'),
	(10184,2,'Entacapone','http://en.wikipedia.org/wiki/Entacapone','drug'),
	(10185,2,'Pramipexole','http://en.wikipedia.org/wiki/Pramipexole','drug'),
	(10186,1,'Pergolide','http://en.wikipedia.org/wiki/Pergolide','drug'),
	(10187,2,'Amantadine','http://en.wikipedia.org/wiki/Amantadine','drug'),
	(10188,3,'Alteplase','http://en.wikipedia.org/wiki/Tissue_plasminogen_activator','drug'),
	(10189,1,'Streptokinase','http://en.wikipedia.org/wiki/Streptokinase','drug'),
	(10190,2,'Urokinase','http://en.wikipedia.org/wiki/Urokinase','drug'),
	(10191,3,'Tranexamic acid','http://en.wikipedia.org/wiki/Tranexamic_acid','drug'),
	(10192,3,'Desflurane','http://en.wikipedia.org/wiki/Desflurane','drug'),
	(10193,3,'Sevoflurane','http://en.wikipedia.org/wiki/Sevoflurane','drug'),
	(10194,3,'Isoflurane','http://en.wikipedia.org/wiki/Isoflurane','drug'),
	(10195,1,'N2O','http://en.wikipedia.org/wiki/Nitrous_oxide#Medicine','drug'),
	(10196,1,'Sodium thiopental','http://en.wikipedia.org/wiki/Sodium_thiopental','drug'),
	(10197,3,'Propofol','http://en.wikipedia.org/wiki/Propofol','drug'),
	(10198,3,'Atorvastatin','http://en.wikipedia.org/wiki/Atorvastatin','drug'),
	(10199,3,'Simvastatin','http://en.wikipedia.org/wiki/Simvastatin','drug'),
	(10200,3,'Fluvastatin','http://en.wikipedia.org/wiki/Fluvastatin','drug'),
	(10201,3,'Pravastatin','http://en.wikipedia.org/wiki/Pravastatin','drug'),
	(10202,2,'Gemfibrozil','http://en.wikipedia.org/wiki/Gemfibrozil','drug'),
	(10203,3,'Lovastatin','http://en.wikipedia.org/wiki/Lovastatin','drug'),
	(10204,2,'Bezafibrate','http://en.wikipedia.org/wiki/Bezafibrate','drug'),
	(10205,2,'Lantanoprost','http://en.wikipedia.org/wiki/Latanoprost','drug'),
	(10206,2,'Timilol','http://en.wikipedia.org/wiki/Timolol','drug'),
	(10207,2,'Pilocarbine','http://en.wikipedia.org/wiki/Pilocarpine','drug'),
	(10208,1,'Dorzolamide','http://en.wikipedia.org/wiki/Dorzolamide','drug'),
	(10209,3,'Pantoprazole','http://en.wikipedia.org/wiki/Pantoprazole','drug'),
	(10210,3,'Omeprazole','http://en.wikipedia.org/wiki/Omeprazole','drug'),
	(10211,1,'Sumatriptan','http://en.wikipedia.org/wiki/Sumatriptan','drug'),
	(10212,1,'Acamprosate','http://en.wikipedia.org/wiki/Acamprosate','drug'),
	(10213,3,'Melatonin','http://en.wikipedia.org/wiki/Melatonin','drug'),
	(10214,2,'Disulfiram','http://en.wikipedia.org/wiki/Disulfiram','drug'),
	(10215,3,'Colchicine','http://en.wikipedia.org/wiki/Colchicine','drug'),
	(10216,1,'Naphazoline','http://en.wikipedia.org/wiki/Naphazoline','drug'),
	(10217,1,'Oxymetazoline','http://en.wikipedia.org/wiki/Oxymetazoline','drug'),
	(10218,3,'Finasteride','http://en.wikipedia.org/wiki/Finasteride','drug'),
	(10219,2,'Dutasteride','http://en.wikipedia.org/wiki/Dutasteride','drug'),
	(10220,1,'Oxybutynin','http://en.wikipedia.org/wiki/Oxybutynin','drug'),
	(10221,3,'Sildenafil','http://en.wikipedia.org/wiki/Sildenafil','drug'),
	(10222,3,'Taldalafil','http://en.wikipedia.org/wiki/Tadalafil','drug'),
	(10223,3,'Vardenafil','http://en.wikipedia.org/wiki/Vardenafil','drug'),
	(10224,2,'Lactulose','http://en.wikipedia.org/wiki/Lactulose','drug'),
	(10225,3,'Loperamide','http://en.wikipedia.org/wiki/Loperamide','drug'),
	(10226,2,'Alendronic acid','http://en.wikipedia.org/wiki/Alendronic_acid','drug'),
	(10227,3,'Levothyroxine','http://en.wikipedia.org/wiki/Levothyroxine','drug'),
	(10228,3,'Allopurinol','http://en.wikipedia.org/wiki/Allopurinol','drug'),
	(10229,3,'Metoclopramide (MCP)','http://en.wikipedia.org/wiki/Metoclopramide','drug'),
	(10230,1,'Scopolamine','http://en.wikipedia.org/wiki/Scopolamine','drug'),
	(10231,1,'Domperidone','http://en.wikipedia.org/wiki/Domperidone','drug'),
	(10232,2,'Granisetron','http://en.wikipedia.org/wiki/Granisetron','drug'),
	(10233,2,'Ondansetron','http://en.wikipedia.org/wiki/Ondansetron','drug'),
	(10234,2,'Zolpidem','http://en.wikipedia.org/wiki/Zolpidem','drug'),
	(10235,2,'Zopiclone','http://en.wikipedia.org/wiki/Zopiclone','drug'),
	(10236,3,'Midazolam','http://en.wikipedia.org/wiki/Midazolam','drug'),
	(10237,1,'Flunitrazepam','http://en.wikipedia.org/wiki/Flunitrazepam','drug'),
	(10238,3,'Diazepam','http://en.wikipedia.org/wiki/Diazepam','drug'),
	(10239,3,'Lorazepam','http://en.wikipedia.org/wiki/Lorazepam','drug'),
	(10240,3,'Salbutamol','http://en.wikipedia.org/wiki/Salbutamol','drug'),
	(10241,3,'Terbutaline','http://en.wikipedia.org/wiki/Terbutaline','drug'),
	(10242,3,'Salmeterol','http://en.wikipedia.org/wiki/Salmeterol','drug'),
	(10243,3,'Fenoterol','http://en.wikipedia.org/wiki/Fenoterol','drug'),
	(10244,1,'Bambuterol','http://en.wikipedia.org/wiki/Bambuterol','drug'),
	(10245,3,'Formoterol','http://en.wikipedia.org/wiki/Formoterol','drug'),
	(10246,2,'Montelukast','http://en.wikipedia.org/wiki/Montelukast','drug'),
	(10247,3,'Ipratropium bromide','http://en.wikipedia.org/wiki/Ipratropium_bromide','drug'),
	(10248,3,'Tiotropium bromide','http://en.wikipedia.org/wiki/Tiotropium_bromide','drug'),
	(10249,3,'Prednisolone','http://en.wikipedia.org/wiki/Prednisolone','drug'),
	(10250,3,'Prednisone','http://en.wikipedia.org/wiki/Prednisone','drug'),
	(10251,3,'Hydrocortisone','http://en.wikipedia.org/wiki/Cortisol','drug'),
	(10252,1,'Beclometasone','http://en.wikipedia.org/wiki/Beclometasone_dipropionate','drug'),
	(10253,1,'Budesonide','http://en.wikipedia.org/wiki/Budesonide','drug'),
	(10254,1,'Fluticasone','http://en.wikipedia.org/wiki/Fluticasone','drug'),
	(10255,3,'Dexamethasone','http://en.wikipedia.org/wiki/Dexamethasone','drug'),
	(10256,2,'Betamethasone','http://en.wikipedia.org/wiki/Betamethasone','drug'),
	(10257,1,'Clobetasol propionate','http://en.wikipedia.org/wiki/Clobetasol_propionate','drug'),
	(10258,3,'Naloxone','http://en.wikipedia.org/wiki/Naloxone','drug'),
	(10259,3,'Physostigmine','http://en.wikipedia.org/wiki/Physostigmine','drug'),
	(10260,2,'Acetylcysteine','http://en.wikipedia.org/wiki/Acetylcysteine','drug'),
	(10261,1,'Hydroxocobalamin','http://en.wikipedia.org/wiki/Hydroxocobalamin','drug'),
	(10262,3,'Cetirizine','http://en.wikipedia.org/wiki/Cetirizine','drug'),
	(10263,2,'Diphenhydramine','http://en.wikipedia.org/wiki/Diphenhydramine','drug'),
	(10264,3,'Loratadine','http://en.wikipedia.org/wiki/Loratadine','drug'),
	(10265,1,'Naphozoline','http://en.wikipedia.org/wiki/Naphazoline','drug'),
	(10266,2,'Dimenhydrinate','http://en.wikipedia.org/wiki/Dimenhydrinate','drug'),
	(10267,2,'Clemastine','http://en.wikipedia.org/wiki/Clemastine','drug'),
	(10268,3,'Ranitidine','http://en.wikipedia.org/wiki/Ranitidine','drug'),
	(10269,3,'Cimetidine','http://en.wikipedia.org/wiki/Cimetidine','drug'),
	(10270,1,'Meclizine','http://en.wikipedia.org/wiki/Meclizine','drug'),
	(10271,3,'Cefuroxime','http://en.wikipedia.org/wiki/Cefuroxime','drug'),
	(10272,3,'Ceftriaxone','http://en.wikipedia.org/wiki/Ceftriaxone','drug'),
	(10273,3,'Ceftazidime','http://en.wikipedia.org/wiki/Ceftazidime','drug'),
	(10274,3,'Cefotaxime','http://en.wikipedia.org/wiki/Cefotaxime','drug'),
	(10275,1,'Norfloxacin','http://en.wikipedia.org/wiki/Norfloxacin','drug'),
	(10276,3,'Ciprofloxacin','http://en.wikipedia.org/wiki/Ciprofloxacin','drug'),
	(10277,3,'Levofloxacin','http://en.wikipedia.org/wiki/Levofloxacin','drug'),
	(10278,3,'Moxifloxacin','http://en.wikipedia.org/wiki/Moxifloxacin','drug'),
	(10279,3,'Penicillin V','http://en.wikipedia.org/wiki/Phenoxymethylpenicillin','drug'),
	(10280,1,'Meticillin','http://en.wikipedia.org/wiki/Meticillin','drug'),
	(10281,2,'Ampicillin','http://en.wikipedia.org/wiki/Ampicillin','drug'),
	(10282,3,'Amoxicillin','http://en.wikipedia.org/wiki/Amoxicillin','drug'),
	(10283,3,'Piperacillin','http://en.wikipedia.org/wiki/Piperacillin','drug'),
	(10284,2,'Sulbactam','http://en.wikipedia.org/wiki/Sulbactam','drug'),
	(10285,2,'Clavulanic acid','http://en.wikipedia.org/wiki/Clavulanic_acid','drug'),
	(10286,3,'Tazobactam','http://en.wikipedia.org/wiki/Tazobactam','drug'),
	(10287,2,'Trimethoprim','http://en.wikipedia.org/wiki/Trimethoprim','drug'),
	(10288,3,'Co-trimoxazol','http://en.wikipedia.org/wiki/Trimethoprim/sulfamethoxazole','drug'),
	(10289,3,'Vancomycin','http://en.wikipedia.org/wiki/Vancomycin','drug'),
	(10290,2,'Teicoplanin','http://en.wikipedia.org/wiki/Teicoplanin','drug'),
	(10291,2,'Linezolid','http://en.wikipedia.org/wiki/Linezolid','drug'),
	(10292,3,'Doxycycline','http://en.wikipedia.org/wiki/Doxycycline','drug'),
	(10293,2,'Tigecycline','http://en.wikipedia.org/wiki/Tigecycline','drug'),
	(10294,3,'Fosfomycin','http://en.wikipedia.org/wiki/Fosfomycin','drug'),
	(10295,3,'Clindamycin','http://en.wikipedia.org/wiki/Clindamycin','drug'),
	(10296,3,'Clarithromycin','http://en.wikipedia.org/wiki/Clarithromycin','drug'),
	(10297,3,'Azithromycin','http://en.wikipedia.org/wiki/Azithromycin','drug'),
	(10298,2,'Amikacin','http://en.wikipedia.org/wiki/Amikacin','drug'),
	(10299,3,'Gentamicin','http://en.wikipedia.org/wiki/Gentamicin','drug'),
	(10300,2,'Tobramycin','http://en.wikipedia.org/wiki/Tobramycin','drug'),
	(10301,3,'Imipenem','http://en.wikipedia.org/wiki/Imipenem','drug'),
	(10302,3,'Meropenem','http://en.wikipedia.org/wiki/Meropenem','drug'),
	(10303,2,'Ertapenem','http://en.wikipedia.org/wiki/Ertapenem','drug'),
	(10304,3,'Metronidazole','http://en.wikipedia.org/wiki/Metronidazole','drug'),
	(10305,2,'Daptomycin','http://en.wikipedia.org/wiki/Daptomycin','drug'),
	(10306,3,'Rifampicin','http://en.wikipedia.org/wiki/Rifampicin','drug'),
	(10307,3,'Ethambutol','http://en.wikipedia.org/wiki/Ethambutol','drug'),
	(10308,3,'Isoniazid','http://en.wikipedia.org/wiki/Isoniazid','drug'),
	(10309,3,'Pyrazinamide','http://en.wikipedia.org/wiki/Pyrazinamide','drug'),
	(10310,1,'Ethosuximide','http://en.wikipedia.org/wiki/Ethosuximide','drug'),
	(10311,3,'Phenytoin','http://en.wikipedia.org/wiki/Phenytoin','drug'),
	(10312,1,'Topiramate','http://en.wikipedia.org/wiki/Topiramate','drug'),
	(10313,1,'Lamotrigine','http://en.wikipedia.org/wiki/Lamotrigine','drug'),
	(10314,3,'Carbamazepine','http://en.wikipedia.org/wiki/Carbamazepine','drug'),
	(10315,2,'Oxcarbazepine','http://en.wikipedia.org/wiki/Oxcarbazepine','drug'),
	(10316,1,'Levetiracetam','http://en.wikipedia.org/wiki/Levetiracetam','drug'),
	(10317,3,'Pregabalin','http://en.wikipedia.org/wiki/Pregabalin','drug'),
	(10318,3,'Octreotide','http://en.wikipedia.org/wiki/Octreotide','drug'),
	(10319,2,'Bupivacaine','http://en.wikipedia.org/wiki/Bupivacaine','drug'),
	(10320,2,'Ketamine','http://en.wikipedia.org/wiki/Ketamine','drug'),
	(10321,2,'Etomidate','http://en.wikipedia.org/wiki/Etomidate','drug'),
	(10322,1,'Modafinil','http://en.wikipedia.org/wiki/Modafinil','drug'),
	(10323,3,'Rocuronium','http://en.wikipedia.org/wiki/Rocuronium_bromide','drug'),
	(10324,2,'Cisatracurium','http://en.wikipedia.org/wiki/Cisatracurium_besilate','drug'),
	(10325,2,'Vecuronium','http://en.wikipedia.org/wiki/Vecuronium_bromide','drug'),
	(10326,3,'Succinylcholine / Suxamethonium chloride','http://en.wikipedia.org/wiki/Suxamethonium_chloride','drug'),
	(10327,1,'Sugammadex','http://en.wikipedia.org/wiki/Sugammadex','drug'),
	(10328,2,'Dantrolene','http://en.wikipedia.org/wiki/Dantrolene','drug'),
	(10329,2,'Ropivacaine','http://en.wikipedia.org/wiki/Ropivacaine','drug'),
	(10330,3,'Prilocaine','http://en.wikipedia.org/wiki/Prilocaine','drug'),
	(10331,1,'Mepivacaine','http://en.wikipedia.org/wiki/Mepivacaine','drug'),
	(10332,2,'Mefloquine','http://en.wikipedia.org/wiki/Mefloquine','drug'),
	(10333,2,'Primaquine','http://en.wikipedia.org/wiki/Primaquine','drug'),
	(10334,3,'Chloroquine','http://en.wikipedia.org/wiki/Chloroquine','drug'),
	(10335,2,'Artemisinin','http://en.wikipedia.org/wiki/Artemisinin','drug'),
	(10336,3,'Voriconazole','http://en.wikipedia.org/wiki/Voriconazole','drug'),
	(10337,3,'Fluconazole','http://en.wikipedia.org/wiki/Fluconazole','drug'),
	(10338,3,'Itraconazole','http://en.wikipedia.org/wiki/Itraconazole','drug'),
	(10339,3,'Amphotericin B','http://en.wikipedia.org/wiki/Amphotericin_B','drug'),
	(10340,1,'Bifonazole','http://en.wikipedia.org/wiki/Bifonazole','drug'),
	(10341,3,'Caspofungin','http://en.wikipedia.org/wiki/Caspofungin','drug'),
	(10342,1,'Terbinafine','http://en.wikipedia.org/wiki/Terbinafine','drug'),
	(10343,1,'Nystatin','http://en.wikipedia.org/wiki/Nystatin','drug'),
	(10344,3,'Maraviroc','http://en.wikipedia.org/wiki/Maraviroc','drug'),
	(10345,3,'Raltegravir','http://en.wikipedia.org/wiki/Raltegravir','drug'),
	(10346,2,'Lamivudine','http://en.wikipedia.org/wiki/Lamivudine','drug'),
	(10347,3,'Ganciclovir','http://en.wikipedia.org/wiki/Ganciclovir','drug'),
	(10348,3,'Aciclovir','http://en.wikipedia.org/wiki/Aciclovir','drug'),
	(10349,2,'Boceprevir','http://en.wikipedia.org/wiki/Boceprevir','drug'),
	(10350,1,'Emtricitabine','http://en.wikipedia.org/wiki/Emtricitabine','drug'),
	(10351,3,'Ribavirin','http://en.wikipedia.org/wiki/Ribavirin','drug'),
	(10352,2,'Tenofovir','http://en.wikipedia.org/wiki/Tenofovir','drug'),
	(10353,3,'Zidovudine','http://en.wikipedia.org/wiki/Zidovudine','drug'),
	(10354,1,'Lopinavir','http://en.wikipedia.org/wiki/Lopinavir','drug'),
	(10355,3,'PEG-Inf-α-2a','http://en.wikipedia.org/wiki/Peginterferon_alfa-2a','drug'),
	(10356,1,'Ritonavir','http://en.wikipedia.org/wiki/Ritonavir','drug'),
	(10357,3,'Zanamivir','http://en.wikipedia.org/wiki/Zanamivir','drug'),
	(10358,2,'Efavirenz','http://en.wikipedia.org/wiki/Efavirenz','drug'),
	(10359,1,'Entecavir','http://en.wikipedia.org/wiki/Entecavir','drug'),
	(10360,3,'Metamizole','http://en.wikipedia.org/wiki/Metamizole','drug'),
	(10361,3,'Gabapentin','http://en.wikipedia.org/wiki/Gabapentin','drug'),
	(10362,3,'Ibuprofen','http://en.wikipedia.org/wiki/Ibuprofen','drug'),
	(10363,3,'Indometacin','http://en.wikipedia.org/wiki/Indometacin','drug'),
	(10364,3,'Diclofenac','http://en.wikipedia.org/wiki/Diclofenac','drug'),
	(10365,3,'Parecoxib','http://en.wikipedia.org/wiki/Parecoxib','drug'),
	(10366,3,'Celecoxib','http://en.wikipedia.org/wiki/Celecoxib','drug'),
	(10367,3,'Acetaminophen / Paracetamol','http://en.wikipedia.org/wiki/Paracetamol','drug'),
	(10368,2,'Buprenorphine','http://en.wikipedia.org/wiki/Buprenorphine','drug'),
	(10369,1,'Sufentanil','http://en.wikipedia.org/wiki/Sufentanil','drug'),
	(10370,3,'Morphine','http://en.wikipedia.org/wiki/Morphine','drug'),
	(10371,3,'Fentanyl','http://en.wikipedia.org/wiki/Fentanyl','drug'),
	(10372,1,'Naltrexone','http://en.wikipedia.org/wiki/Naltrexone','drug'),
	(10373,1,'Tramadol','http://en.wikipedia.org/wiki/Tramadol','drug'),
	(10374,1,'Oxycodone','http://en.wikipedia.org/wiki/Oxycodone','drug'),
	(10375,2,'Methadone','http://en.wikipedia.org/wiki/Methadone','drug'),
	(10376,3,'Codeine','http://en.wikipedia.org/wiki/Codeine','drug'),
	(10377,2,'Remifentanil','http://en.wikipedia.org/wiki/Remifentanil','drug'),
	(10378,1,'Piritramide','http://en.wikipedia.org/wiki/Piritramide','drug'),
	(10379,1,'Tilidine','http://en.wikipedia.org/wiki/Tilidine','drug'),
	(10380,2,'Naproxen','http://en.wikipedia.org/wiki/Naproxen','drug'),
	(10381,2,'Rivastigmine','http://en.wikipedia.org/wiki/Rivastigmine','drug'),
	(10382,1,'Memantine','http://en.wikipedia.org/wiki/Memantine','drug'),
	(10383,2,'Methimazole','http://en.wikipedia.org/wiki/Methimazole','drug'),
	(10384,1,'Daclizumab','http://en.wikipedia.org/wiki/Daclizumab','drug'),
	(10385,3,'Ciclosporin','http://en.wikipedia.org/wiki/Ciclosporin','drug'),
	(10386,2,'Clomifene','http://en.wikipedia.org/wiki/Clomifene','drug'),
	(10387,3,'Mifepristone','http://en.wikipedia.org/wiki/Mifepristone','drug'),
	(10388,2,'Everolimus','http://en.wikipedia.org/wiki/Everolimus','drug'),
	(10389,1,'Leflunomide','http://en.wikipedia.org/wiki/Leflunomide','drug'),
	(10390,1,'Mesalazine','http://en.wikipedia.org/wiki/Mesalazine','drug'),
	(10391,3,'Infliximab','http://en.wikipedia.org/wiki/Infliximab','drug'),
	(10392,1,'Basiliximab','http://en.wikipedia.org/wiki/Basiliximab','drug'),
	(10393,2,'Phenobarbital','http://en.wikipedia.org/wiki/Phenobarbital','drug'),
	(10394,3,'Metformin','http://en.wikipedia.org/wiki/Metformin','drug'),
	(10395,1,'Insulin aspart /Novolog®','http://en.wikipedia.org/wiki/Insulin_aspart','drug'),
	(10396,3,'Insulin lispro /Humalog®','http://en.wikipedia.org/wiki/Insulin_lispro','drug'),
	(10397,1,'Insulin glulisine / Apidra®','http://en.wikipedia.org/wiki/Insulin_glulisine','drug'),
	(10398,3,'Insulin detemir / Levemir®','http://en.wikipedia.org/wiki/Insulin_detemir','drug'),
	(10399,3,'Insulin glargine / Lantus®','http://en.wikipedia.org/wiki/Insulin_glargine','drug'),
	(10400,1,'Insulin degludec / Tresiba®','http://en.wikipedia.org/wiki/Insulin_degludec','drug'),
	(10401,3,'NPH insulin','http://en.wikipedia.org/wiki/NPH_insulin','drug'),
	(10402,3,'Pioglitazone','http://en.wikipedia.org/wiki/Pioglitazone','drug'),
	(10403,3,'Glibenclamide','http://en.wikipedia.org/wiki/Glibenclamide','drug'),
	(10404,2,'Glimepiride','http://en.wikipedia.org/wiki/Glimepiride','drug'),
	(10405,2,'Exenatide','http://en.wikipedia.org/wiki/Exenatide','drug'),
	(10406,1,'Acarbose','http://en.wikipedia.org/wiki/Acarbose','drug'),
	(10407,1,'Repaglinide','http://en.wikipedia.org/wiki/Repaglinide','drug'),
	(10408,3,'Methylphenidate','http://en.wikipedia.org/wiki/Methylphenidate','drug'),
	(10409,1,'Butylscopolamine','http://en.wikipedia.org/wiki/Butylscopolamine','drug'),
	(10410,2,'Pyridostigmine','http://en.wikipedia.org/wiki/Pyridostigmine','drug'),
	(10411,3,'Methylprednisolone','http://en.wikipedia.org/wiki/Methylprednisolone','drug'),
	(10412,2,'Natalizumab','http://en.wikipedia.org/wiki/Natalizumab','drug'),
	(10413,1,'Fingolimod','http://en.wikipedia.org/wiki/Fingolimod','drug'),
	(10414,1,'Dimercaprol','http://en.wikipedia.org/wiki/Dimercaprol','drug'),
	(10415,1,'Deferoxamine','http://en.wikipedia.org/wiki/Deferoxamine','drug'),
	(10416,2,'Fomepizole','http://en.wikipedia.org/wiki/Fomepizole','drug'),
	(10417,1,'Prussian blue','http://en.wikipedia.org/wiki/Prussian_Blue','drug'),
	(10418,2,'Biperiden','http://en.wikipedia.org/wiki/Biperiden','drug'),
	(10419,2,'Roxithromycin','http://en.wikipedia.org/wiki/Roxithromycin','drug'),
	(10420,3,'Amlodipine','http://en.wikipedia.org/wiki/Amlodipine','drug'),
	(10421,3,'Raloxifene','http://en.wikipedia.org/wiki/Raloxifene','drug'),
	(10422,2,'Oseltamivir','http://en.wikipedia.org/wiki/Oseltamivir','drug'),
	(10423,1,'Mycophenolic acid','http://en.wikipedia.org/wiki/Mycophenolic_acid','drug'),
	(10424,1,'Aminocaproic acid','http://en.wikipedia.org/wiki/Aminocaproic_acid','drug'),
	(10425,1,'Methocarbamol','http://en.wikipedia.org/wiki/Methocarbamol','drug'),
	(10426,1,'Pimozide','http://en.wikipedia.org/wiki/Pimozide','drug'),
	(10427,2,'Ticagrelor','http://en.wikipedia.org/wiki/Ticagrelor','drug'),
	(10428,1,'Baclofen','http://en.wikipedia.org/wiki/Baclofen','drug'),
	(10429,2,'Hydralazine','http://en.wikipedia.org/wiki/Hydralazine','drug'),
	(10430,1,'Obinutuzumab','http://en.wikipedia.org/wiki/Obinutuzumab','drug'),
	(10431,1,'Ambrisentan','http://en.wikipedia.org/wiki/Ambrisentan','drug'),
	(10432,1,'Nimodipine','http://en.wikipedia.org/wiki/Nimodipine','drug'),
	(10433,1,'Quinidine','http://en.wikipedia.org/wiki/Quinidine','drug'),
	(10434,1,'Anidulafungin','http://en.wikipedia.org/wiki/Anidulafungin','drug'),
	(10435,1,'Levosimendan','http://en.wikipedia.org/wiki/Levosimendan','drug'),
	(10436,1,'Isoprenaline','http://en.wikipedia.org/wiki/Isoprenaline','drug'),
	(10437,1,'Apixaban','http://en.wikipedia.org/wiki/Apixaban','drug'),
	(10438,2,'Milrinone','http://en.wikipedia.org/wiki/Milrinone','drug'),
	(10439,1,'Fulvestrant','http://en.wikipedia.org/wiki/Fulvestrant','drug'),
	(10440,1,'Atosiban','http://en.wikipedia.org/wiki/Atosiban','drug'),
	(10441,NULL,'Certolizumab','','drug'),
	(10442,NULL,'Abatacept','','drug'),
	(10443,NULL,'Bosentan','','drug'),
	(10444,NULL,'Indacaterol','','drug'),
	(10445,NULL,'Aclidiniumbromide','','drug'),
	(10446,NULL,'Mebendazole','','drug'),
	(10447,NULL,'Praziquantel','','drug'),
	(10448,NULL,'Albendazole','','drug'),
	(10449,NULL,'Vedolizumab','','drug'),
	(10450,NULL,'Ivabradine','','drug'),
	(10451,NULL,'Sofosbuvir','','drug'),
	(10452,NULL,'Pirfenidone','','drug'),
	(20000,NULL,'CD20','http://en.wikipedia.org/wiki/CD20','target'),
	(20001,NULL,'Tyrosine kinases','http://en.wikipedia.org/wiki/Tyrosine_kinase','target'),
	(20002,NULL,'CD52','http://en.wikipedia.org/wiki/CD52','target'),
	(20003,NULL,'CD19','http://en.wikipedia.org/wiki/CD19','target'),
	(20004,NULL,'IL-1 receptor','http://en.wikipedia.org/wiki/Interleukin_1','target'),
	(20005,NULL,'TNFα','http://en.wikipedia.org/wiki/Tumor_necrosis_factor_alpha','target'),
	(20006,NULL,'IL-6 receptor','http://en.wikipedia.org/wiki/Interleukin_6','target'),
	(20007,NULL,'Proteasome','http://en.wikipedia.org/wiki/Proteasome','target'),
	(20008,NULL,'C5 (Complement factor 5)','http://en.wikipedia.org/wiki/Complement_component_5','target'),
	(20009,NULL,'CD25','http://en.wikipedia.org/wiki/Eculizumab','target'),
	(20010,NULL,'RANKL','http://en.wikipedia.org/wiki/RANKL','target'),
	(20011,NULL,'HER-2','http://en.wikipedia.org/wiki/HER2/neu','target'),
	(20012,NULL,'ER','http://en.wikipedia.org/wiki/Estrogen_receptor','target'),
	(20013,NULL,'PR','http://en.wikipedia.org/wiki/Progesterone_receptor','target'),
	(20014,NULL,'VEGF','http://en.wikipedia.org/wiki/Vascular_endothelial_growth_factor','target'),
	(20015,NULL,'α4 integrin','http://en.wikipedia.org/wiki/Integrin','target'),
	(20016,NULL,'EGFR','http://en.wikipedia.org/wiki/Epidermal_growth_factor_receptor','target'),
	(20017,NULL,'Dihydropyridine receptor','http://en.wikipedia.org/wiki/Dihydropyridine_receptor','target'),
	(20018,NULL,'β3 receptor','http://en.wikipedia.org/wiki/Beta-3_adrenergic_receptor','target'),
	(20019,NULL,'β2 receptor','http://en.wikipedia.org/wiki/Beta-2_adrenergic_receptor','target'),
	(20020,NULL,'Dopamine','http://en.wikipedia.org/wiki/Dopamine','target'),
	(20021,NULL,'Noradrenaline / Norepinephrine','http://en.wikipedia.org/wiki/Norepinephrine','target'),
	(20022,NULL,'Serotonin','http://en.wikipedia.org/wiki/Serotonin','target'),
	(20023,NULL,'Acetylcholine','http://en.wikipedia.org/wiki/Acetylcholine','target'),
	(20024,NULL,'MAO-A','http://en.wikipedia.org/wiki/Monoamine_oxidase_A','target'),
	(20025,NULL,'COMT','http://en.wikipedia.org/wiki/Catechol-O-methyl_transferase','target'),
	(20026,NULL,'MAO-B','http://en.wikipedia.org/wiki/Monoamine_oxidase_B','target'),
	(20027,NULL,'Thrombin','http://en.wikipedia.org/wiki/Thrombin','target'),
	(20028,NULL,'Prothrombin','http://en.wikipedia.org/wiki/Thrombin','target'),
	(20029,NULL,'Factor IX','http://en.wikipedia.org/wiki/Factor_IX','target'),
	(20030,NULL,'Factor Xa','http://en.wikipedia.org/wiki/Factor_X','target'),
	(20031,NULL,'Factor VII','http://en.wikipedia.org/wiki/Factor_VII','target'),
	(20032,NULL,'Factor VIII','http://en.wikipedia.org/wiki/Factor_VIII','target'),
	(20033,NULL,'COX-1','http://en.wikipedia.org/wiki/PTGS1','target'),
	(20034,NULL,'P2Y12 receptor','http://en.wikipedia.org/wiki/P2Y12','target'),
	(20035,NULL,'COX-2','http://en.wikipedia.org/wiki/COX-2','target'),
	(20036,NULL,'GP IIb/IIIa','http://en.wikipedia.org/wiki/Glycoprotein_IIb/IIIa','target'),
	(20037,NULL,'GP Ib/V/IX','http://en.wikipedia.org/wiki/Glycoprotein_Ib-IX-V_Receptor_Complex','target'),
	(20038,NULL,'COX','http://en.wikipedia.org/wiki/Cyclooxygenase','target'),
	(20039,NULL,'AT-III','http://de.wikipedia.org/wiki/Antithrombin_III','target'),
	(20040,NULL,'Factor XIII','http://en.wikipedia.org/wiki/Factor_XIII','target'),
	(20041,NULL,'Vitamin A','http://en.wikipedia.org/wiki/Vitamin_A','target'),
	(20042,NULL,'Vitamin B12','http://en.wikipedia.org/wiki/Vitamin_B12','target'),
	(20043,NULL,'Vitamin D3','http://en.wikipedia.org/wiki/Vitamin_D','target'),
	(20044,NULL,'Vitamin K','http://en.wikipedia.org/wiki/Vitamin_K','target'),
	(20045,NULL,'Vitamin C','http://en.wikipedia.org/wiki/Vitamin_C','target'),
	(20046,NULL,'NKCC2','http://en.wikipedia.org/wiki/Na-K-2Cl_symporter','target'),
	(20047,NULL,'ROMK','http://en.wikipedia.org/wiki/ROMK','target'),
	(20048,NULL,'CFTR','http://en.wikipedia.org/wiki/Cystic_fibrosis_transmembrane_conductance_regulator','target'),
	(20049,NULL,'Nicotinic ACh receptor','http://en.wikipedia.org/wiki/Nicotinic_acetylcholine_receptor','target'),
	(20050,NULL,'Na+/K+ ATPase','http://en.wikipedia.org/wiki/Na%2B/K%2B-ATPase','target'),
	(20051,NULL,'ENaC','http://en.wikipedia.org/wiki/Epithelial_sodium_channel','target'),
	(20052,NULL,'AT1 receptor','http://en.wikipedia.org/wiki/Angiotensin_II_receptor_type_1','target'),
	(20053,NULL,'AT2 receptor','http://en.wikipedia.org/wiki/Angiotensin_II_receptor_type_2','target'),
	(20054,NULL,'ACE','http://en.wikipedia.org/wiki/Angiotensin-converting_enzyme','target'),
	(20055,NULL,'Renin','http://en.wikipedia.org/wiki/Renin','target'),
	(20056,NULL,'β1 receptor','http://en.wikipedia.org/wiki/Beta-1_adrenergic_receptor','target'),
	(20057,NULL,'α2 receptor','http://en.wikipedia.org/wiki/Alpha-2_adrenergic_receptor','target'),
	(20058,NULL,'Bradykinin','http://en.wikipedia.org/wiki/Bradykinin','target'),
	(20059,NULL,'Histamine','http://en.wikipedia.org/wiki/Histamine','target'),
	(20060,NULL,'Substance P','http://en.wikipedia.org/wiki/Substance_P','target'),
	(20061,NULL,'Ryanodine receptor','http://en.wikipedia.org/wiki/Ryanodine_receptor','target'),
	(20062,NULL,'L-type calcium channel','http://en.wikipedia.org/wiki/Dihydropyridine_receptor','target'),
	(20063,NULL,'Potassium channel','http://en.wikipedia.org/wiki/Potassium_channel','target'),
	(20064,NULL,'Sodium channels','http://en.wikipedia.org/wiki/Sodium_channel','target'),
	(20065,NULL,'α1 receptor','http://en.wikipedia.org/wiki/Alpha-1_adrenergic_receptor','target'),
	(20066,NULL,'Guanylate cyclase','http://en.wikipedia.org/wiki/Guanylate_cyclase','target'),
	(20067,NULL,'Muscarinic ACh receptors','http://en.wikipedia.org/wiki/Muscarinic_acetylcholine_receptor','target'),
	(20068,NULL,'Adenylate cyclase','http://en.wikipedia.org/wiki/Adenylate_cyclase','target'),
	(20069,NULL,'HMG-CoA reductase','http://en.wikipedia.org/wiki/HMG-CoA_reductase','target'),
	(20070,NULL,'5α-reductase','http://en.wikipedia.org/wiki/5-alpha_reductase','target'),
	(20071,NULL,'Adenosine receptor','http://en.wikipedia.org/wiki/Adenosine_receptor','target'),
	(20072,NULL,'IgE / mIgE','http://en.wikipedia.org/wiki/Immunoglobulin_E','target'),
	(20073,NULL,'Leukotriene receptor','http://en.wikipedia.org/wiki/Cysteinyl_leukotriene_receptor_1','target'),
	(20074,NULL,'PDE','http://en.wikipedia.org/wiki/Phosphodiesterase','target'),
	(20075,NULL,'GR','http://en.wikipedia.org/wiki/Glucocorticoid_receptor','target'),
	(20076,NULL,'30S bacterial ribosome subunit','http://en.wikipedia.org/wiki/30S','target'),
	(20077,NULL,'Bacterial DNA-dependent RNA polymerase','http://en.wikipedia.org/wiki/RNA_polymerase','target'),
	(20078,NULL,'DNA gyrase','http://en.wikipedia.org/wiki/DNA_gyrase','target'),
	(20079,NULL,'50S bacterial ribosome subunit','http://en.wikipedia.org/wiki/50S','target'),
	(20080,NULL,'PDE-5','http://en.wikipedia.org/wiki/PDE5','target'),
	(20081,NULL,'Dopamine receptor','http://en.wikipedia.org/wiki/Dopamine_receptor','target'),
	(20082,NULL,'H2 receptor','http://en.wikipedia.org/wiki/Histamine_H2_receptor','target'),
	(20083,NULL,'H1 receptor','http://en.wikipedia.org/wiki/Histamine_H1_receptor','target'),
	(20084,NULL,'NMDA receptor','http://en.wikipedia.org/wiki/NMDA_receptor','target'),
	(20085,NULL,'GABAa receptor','http://en.wikipedia.org/wiki/GABA_A_receptor','target'),
	(20086,NULL,'Acetylcholinesterase','http://en.wikipedia.org/wiki/Acetylcholinesterase','target'),
	(20087,NULL,'5-HT3 receptor','http://en.wikipedia.org/wiki/5-HT3_receptor','target'),
	(20088,NULL,'Dopamine D2 receptor','http://en.wikipedia.org/wiki/Dopamine_receptor_D2','target'),
	(20089,NULL,'Neuraminidase','http://en.wikipedia.org/wiki/Neuraminidase','target'),
	(20090,NULL,'Fungal cell wall','http://en.wikipedia.org/wiki/Fungus','target'),
	(20091,NULL,'Fungal cell membrane','http://en.wikipedia.org/wiki/Fungus','target'),
	(20092,NULL,'μ-opioid receptor','http://en.wikipedia.org/wiki/%CE%9C-opioid_receptor','target'),
	(20093,NULL,'Calcineurin','http://en.wikipedia.org/wiki/Calcineurin','target'),
	(20094,NULL,'mTOR','http://en.wikipedia.org/wiki/Mammalian_target_of_rapamycin','target'),
	(20095,NULL,'Aromatase','http://en.wikipedia.org/wiki/Aromatase','target'),
	(20096,NULL,'17α-hydroxylase','http://en.wikipedia.org/wiki/CYP17A1','target'),
	(20097,NULL,'AR','http://en.wikipedia.org/wiki/Androgen_receptor','target'),
	(20098,NULL,'GnRH receptor','http://en.wikipedia.org/wiki/Gonadotropin-releasing_hormone_receptor','target'),
	(20099,NULL,'Imidazol receptor','http://en.wikipedia.org/wiki/Imidazoline_receptor','target'),
	(20100,NULL,'Microtubules','http://en.wikipedia.org/wiki/Microtubule','target'),
	(20101,NULL,'PPAR-γ','http://en.wikipedia.org/wiki/Peroxisome_proliferator-activated_receptor_gamma','target'),
	(20102,NULL,'BAFF','http://en.wikipedia.org/wiki/B-cell_activating_factor','target'),
	(20103,NULL,'B-Raf','http://en.wikipedia.org/wiki/BRAF_(gene)','target'),
	(20104,NULL,'MR','http://en.wikipedia.org/wiki/Mineralocorticoid_receptor','target'),
	(20105,NULL,'Voltage-dependent calcium channels (VDCC)','http://en.wikipedia.org/wiki/Voltage-dependent_calcium_channel','target'),
	(20106,NULL,'Vasopressin (ADH) receptor 2','http://en.wikipedia.org/wiki/Arginine_vasopressin_receptor_2','target'),
	(20107,NULL,'Sodium-chloride symporter (NCC)','http://en.wikipedia.org/wiki/Sodium-chloride_symporter','target'),
	(20108,NULL,'Carbonic anhydrase','http://en.wikipedia.org/wiki/Carbonic_anhydrase','target'),
	(20109,NULL,'DNA','http://en.wikipedia.org/wiki/DNA','target'),
	(20110,NULL,'Thymidylate synthetase','http://en.wikipedia.org/wiki/Thymidylate_synthase','target'),
	(20111,NULL,'Dihydrofolate reductase (DHFR, human)','http://en.wikipedia.org/wiki/Dihydrofolate_reductase','target'),
	(20112,NULL,'Type II topoisomerase','http://en.wikipedia.org/wiki/Topoisomerase_II','target'),
	(20113,NULL,'Type I topoisomerase','http://en.wikipedia.org/wiki/Type_I_topoisomerase','target'),
	(20114,NULL,'Retinoid X receptor (RXR)','http://en.wikipedia.org/wiki/Retinoid_X_receptor','target'),
	(20115,NULL,'Plasminogen','http://en.wikipedia.org/wiki/Plasmin','target'),
	(20116,NULL,'PPAR-α','http://en.wikipedia.org/wiki/Peroxisome_proliferator-activated_receptor#PPAR-alpha','target'),
	(20117,NULL,'H+/K+ ATPase','http://en.wikipedia.org/wiki/Hydrogen_potassium_ATPase','target'),
	(20118,NULL,'Xanthine oxidase','http://en.wikipedia.org/wiki/Xanthine_oxidase','target'),
	(20119,NULL,'β-lactamase','http://en.wikipedia.org/wiki/%CE%92-lactamase','target'),
	(20120,NULL,'Bacterial dihydrofolate reductase','http://en.wikipedia.org/wiki/Dihydrofolate_reductase','target'),
	(20121,NULL,'CCR5 receptor','http://en.wikipedia.org/wiki/CCR5_receptor','target'),
	(20122,NULL,'Integrase','http://en.wikipedia.org/wiki/Integrase','target'),
	(20123,NULL,'Protease','http://en.wikipedia.org/wiki/Protease_inhibitor_(pharmacology)','target'),
	(20124,NULL,'Reverse transcriptase','http://en.wikipedia.org/wiki/Reverse_transcriptase','target'),
	(20125,NULL,'Thyroperoxidase (TPO)','http://en.wikipedia.org/wiki/thyroperoxidase','target'),
	(20126,NULL,'GABAb receptor','http://en.wikipedia.org/wiki/GABA_B_receptor','target'),
	(20127,NULL,'Endothelin receptor','http://en.wikipedia.org/wiki/Endothelin_receptor','target'),
	(20128,NULL,'PDE-3','http://en.wikipedia.org/wiki/Phosphodiesterase_3','target'),
	(30000,NULL,'Hypernatremia','http://en.wikipedia.org/wiki/Hypernatremia','indication'),
	(30001,NULL,'SIADH','http://en.wikipedia.org/wiki/SIADH','indication'),
	(30002,NULL,'Hypovolemia','http://en.wikipedia.org/wiki/Hypovolemia','indication'),
	(30003,NULL,'Hypercalcemia','http://en.wikipedia.org/wiki/Hypercalcemia','indication'),
	(30004,NULL,'Renal failure','http://en.wikipedia.org/wiki/Renal_failure','indication'),
	(30005,NULL,'Supraventricular tachycardia','http://en.wikipedia.org/wiki/Supraventricular_tachycardia','indication'),
	(30006,NULL,'Ventricular tachycardia','http://en.wikipedia.org/wiki/Ventricular_tachycardia','indication'),
	(30007,NULL,'Thrombosis','http://en.wikipedia.org/wiki/Thrombosis','indication'),
	(30008,NULL,'Pulmonary edema','http://en.wikipedia.org/wiki/Pulmonary_edema','indication'),
	(30009,NULL,'CONN syndrome','http://en.wikipedia.org/wiki/Conn\'s_syndrome','indication'),
	(30010,NULL,'Pheochromocytoma','http://en.wikipedia.org/wiki/Pheochromocytoma','indication'),
	(30011,NULL,'Congestive heart failure','http://en.wikipedia.org/wiki/Congestive_heart_failure','indication'),
	(30012,NULL,'Hypertensive emergency','http://en.wikipedia.org/wiki/Hypertensive_crisis','indication'),
	(30013,NULL,'Hypotonia','http://en.wikipedia.org/wiki/Hypotonia','indication'),
	(30014,NULL,'Raynaud syndrome','http://en.wikipedia.org/wiki/Raynaud_syndrome','indication'),
	(30015,NULL,'BPH','http://en.wikipedia.org/wiki/Benign_prostatic_hyperplasia','indication'),
	(30016,NULL,'NHL','http://en.wikipedia.org/wiki/Non-Hodgkin_lymphoma','indication'),
	(30017,NULL,'Cardiomyopathy','http://en.wikipedia.org/wiki/Cardiomyopathy','indication'),
	(30018,NULL,'ALS','http://en.wikipedia.org/wiki/Amyotrophic_lateral_sclerosis','indication'),
	(30019,NULL,'IBD','http://en.wikipedia.org/wiki/Inflammatory_bowel_disease','indication'),
	(30020,NULL,'Polycythemia vera','http://en.wikipedia.org/wiki/Polycythemia_vera','indication'),
	(30021,NULL,'PAH','http://en.wikipedia.org/wiki/Pulmonary_hypertension','indication'),
	(30022,NULL,'Bacterial sepsis','http://en.wikipedia.org/wiki/Sepsis','indication'),
	(30023,NULL,'Common bacterial respiratory tract infection','http://en.wikipedia.org/wiki/Upper_respiratory_tract_infection','indication'),
	(30024,NULL,'Osteoporosis','http://en.wikipedia.org/wiki/Osteoporosis','indication'),
	(30025,NULL,'HCC','http://en.wikipedia.org/wiki/Hepatocellular_carcinoma','indication'),
	(30026,NULL,'Schizophrenia','http://en.wikipedia.org/wiki/Schizophrenia','indication'),
	(30027,NULL,'Major depressive disorder','http://en.wikipedia.org/wiki/Major_depressive_disorder','indication'),
	(30028,NULL,'Bipolar disorder','http://en.wikipedia.org/wiki/Bipolar_disorder','indication'),
	(30029,NULL,'Restless leg syndrome','http://en.wikipedia.org/wiki/Restless_legs_syndrome','indication'),
	(30030,NULL,'Neuropathic pain','http://en.wikipedia.org/wiki/Neuropathic_pain','indication'),
	(30031,NULL,'Focal seizures','http://en.wikipedia.org/wiki/Partial_seizure','indication'),
	(30032,NULL,'Fibromyalgia','http://en.wikipedia.org/wiki/Fibromyalgia','indication'),
	(30033,NULL,'Epidural anesthesia','http://en.wikipedia.org/wiki/Epidural','indication'),
	(30034,NULL,'Anxiety','http://en.wikipedia.org/wiki/Anxiety','indication'),
	(30035,NULL,'Sedation','http://en.wikipedia.org/wiki/Sedation','indication'),
	(30036,NULL,'Insomnia','http://en.wikipedia.org/wiki/Insomnia','indication'),
	(30037,NULL,'HCV','http://en.wikipedia.org/wiki/Hepatitis_C','indication'),
	(30038,NULL,'HIV','http://en.wikipedia.org/wiki/HIV/AIDS','indication'),
	(30039,NULL,'Hyperuricemia','http://en.wikipedia.org/wiki/Hyperuricemia','indication'),
	(30040,NULL,'M.Paget','http://de.wikipedia.org/wiki/Morbus_Paget','indication'),
	(30041,NULL,'Metastatic bone disease','http://en.wikipedia.org/wiki/Bone_metastasis','indication'),
	(30042,NULL,'Hyperkalemia','http://en.wikipedia.org/wiki/Hyperkalemia','indication'),
	(30043,NULL,'MS','http://en.wikipedia.org/wiki/Multiple_sclerosis','indication'),
	(40000,NULL,'Diabetic nephropathy','http://en.wikipedia.org/wiki/Diabetic_nephropathy','contraindication'),
	(40001,NULL,'Bilateral renal artery stenosis','http://en.wikipedia.org/wiki/Renal_artery_stenosis','contraindication'),
	(40002,NULL,'Congestive heart failure','http://en.wikipedia.org/wiki/Congestive_heart_failure','contraindication'),
	(40003,NULL,'Post-myocardial infarction','http://en.wikipedia.org/wiki/Myocardial_infarction','contraindication'),
	(40004,NULL,'Asthma','http://en.wikipedia.org/wiki/Asthma','contraindication'),
	(40005,NULL,'Anemia','http://en.wikipedia.org/wiki/Anemia','contraindication'),
	(40006,NULL,'Pregnancy','http://en.wikipedia.org/wiki/Pregnancy','contraindication'),
	(40007,NULL,'Renal failure','http://en.wikipedia.org/wiki/Renal_failure','contraindication'),
	(40008,NULL,'Children','http://en.wikipedia.org/wiki/Pediatrics','contraindication'),
	(40009,NULL,'Diabetic nephropathy','http://en.wikipedia.org/wiki/Diabetic_nephropathy','contraindication'),
	(40010,NULL,'Acute bleeding','http://en.wikipedia.org/wiki/Bleeding','contraindication'),
	(40011,NULL,'ACS','http://en.wikipedia.org/wiki/Acute_coronary_syndrome','contraindication'),
	(40012,NULL,'Previous cerebral hemorrhage','http://en.wikipedia.org/wiki/Cerebral_hemorrhage','contraindication'),
	(40013,NULL,'Pulmonary embolism','http://en.wikipedia.org/wiki/Pulmonary_embolism','contraindication'),
	(40014,NULL,'Liver disease','http://en.wikipedia.org/wiki/Liver_disease','contraindication'),
	(40015,NULL,'Hypertonia','http://en.wikipedia.org/wiki/Hypertonia','contraindication'),
	(40016,NULL,'Essentiel tremor','http://en.wikipedia.org/wiki/Essential_tremor','contraindication'),
	(40017,NULL,'AV block degree III','http://en.wikipedia.org/wiki/Third-degree_atrioventricular_block','contraindication'),
	(40018,NULL,'Hypertrophic cardiomyopathy','http://en.wikipedia.org/wiki/Hypertrophic_cardiomyopathy','contraindication'),
	(40019,NULL,'WPW syndrome','http://en.wikipedia.org/wiki/Wolff%E2%80%93Parkinson%E2%80%93White_syndrome','contraindication'),
	(40020,NULL,'Glaucoma','http://en.wikipedia.org/wiki/Glaucoma','contraindication'),
	(40021,NULL,'Osteoporosis','http://en.wikipedia.org/wiki/Osteoporosis','contraindication'),
	(40022,NULL,'Myasthenia Gravis','http://en.wikipedia.org/wiki/Myasthenia_gravis','contraindication'),
	(40023,NULL,'Tuberculosis','http://en.wikipedia.org/wiki/Tuberculosi','contraindication'),
	(50000,NULL,'Anemia','http://en.wikipedia.org/wiki/Anemia','advereeffect'),
	(50001,NULL,'HIT-2','http://en.wikipedia.org/wiki/Heparin-induced_thrombocytopenia','advereeffect'),
	(50002,NULL,'Bone marrow depression','http://en.wikipedia.org/wiki/Bone_marrow_depression','advereeffect'),
	(50003,NULL,'DIC','http://en.wikipedia.org/wiki/Disseminated_intravascular_coagulation','advereeffect'),
	(50004,NULL,'Hypercalcemia','http://en.wikipedia.org/wiki/Hypercalcemia','advereeffect'),
	(50005,NULL,'Metabolic acidosis','http://en.wikipedia.org/wiki/Metabolic_acidosis','advereeffect'),
	(50006,NULL,'Hypovolemia','http://en.wikipedia.org/wiki/Hypovolemia','advereeffect'),
	(50007,NULL,'Hemorrhagic cystitis','http://en.wikipedia.org/wiki/Hemorrhagic_cystitis','advereeffect'),
	(50008,NULL,'Renal failure','http://en.wikipedia.org/wiki/Renal_failure','advereeffect'),
	(50009,NULL,'Dry Cough','http://en.wikipedia.org/wiki/Dry_cough','advereeffect'),
	(50010,NULL,'Psoriasis','http://en.wikipedia.org/wiki/Psoriasis','advereeffect'),
	(50011,NULL,'Hepatic coma','http://en.wikipedia.org/wiki/Hepatic_encephalopathy','advereeffect'),
	(50012,NULL,'Proarrythmic effect','http://en.wikipedia.org/wiki/Proarrhythmia','advereeffect'),
	(50013,NULL,'Acute bleeding','http://en.wikipedia.org/wiki/Bleeding','advereeffect'),
	(50014,NULL,'Myopathy','http://en.wikipedia.org/wiki/Myopathy','advereeffect'),
	(50015,NULL,'Cushing syndrome','http://en.wikipedia.org/wiki/Cushing\'s_syndrome','advereeffect'),
	(50016,NULL,'CONN syndrome','http://en.wikipedia.org/wiki/Conn\'s_syndrome','advereeffect'),
	(50017,NULL,'Pulmonary fibrosis','http://en.wikipedia.org/wiki/Pulmonary_fibrosis','advereeffect'),
	(50018,NULL,'Serotonine syndrome','http://en.wikipedia.org/wiki/Serotonin_syndrome','advereeffect'),
	(50019,NULL,'Sexual dysfunction','http://en.wikipedia.org/wiki/Sexual_dysfunction','advereeffect'),
	(50020,NULL,'On/off oscillations','http://en.wikipedia.org/wiki/Management_of_Parkinson\'s_disease','advereeffect'),
	(50021,NULL,'Neuroleptic malignant syndrome (NMS)','http://en.wikipedia.org/wiki/Neuroleptic_malignant_syndrome','advereeffect'),
	(50022,NULL,'Hepatotoxicity','http://en.wikipedia.org/wiki/Hepatotoxicity','advereeffect'),
	(50023,NULL,'Extrapyramidal side effects (EPS)','http://en.wikipedia.org/wiki/Extrapyramidal_symptoms','advereeffect'),
	(50024,NULL,'Agranulocytosis','http://en.wikipedia.org/wiki/Agranulocytosis','advereeffect'),
	(50025,NULL,'Raynaud syndrome','http://en.wikipedia.org/wiki/Raynaud\'s_phenomenon','advereeffect'),
	(50026,NULL,'Weight gain','http://en.wikipedia.org/wiki/Weight_gain','advereeffect'),
	(50027,NULL,'Malignant hyperthermia (MH)','http://en.wikipedia.org/wiki/Malignant_hyperthermia','advereeffect'),
	(50028,NULL,'Hallucinations','http://en.wikipedia.org/wiki/Hallucination','advereeffect'),
	(50029,NULL,'Constipation','http://en.wikipedia.org/wiki/Constipation','advereeffect'),
	(50030,NULL,'Weight loss','http://en.wikipedia.org/wiki/Weight_loss','advereeffect'),
	(50031,NULL,'Osteoporosis','http://en.wikipedia.org/wiki/Osteoporosis','advereeffect'),
	(50032,NULL,'Immunodeficiency','http://en.wikipedia.org/wiki/Immunodeficiency','advereeffect'),
	(50033,NULL,'Hypoglycemia','http://en.wikipedia.org/wiki/Hypoglycemia','advereeffect');

/*!40000 ALTER TABLE `answer` ENABLE KEYS */;
UNLOCK TABLES;


# Dump of table contra_indication
# ------------------------------------------------------------

DROP TABLE IF EXISTS `contra_indication`;

CREATE TABLE `contra_indication` (
  `id` int(11) NOT NULL,
  PRIMARY KEY (`id`),
  CONSTRAINT `FK_B276BBA9BF396750` FOREIGN KEY (`id`) REFERENCES `answer` (`id`) ON DELETE CASCADE
) ENGINE=InnoDB DEFAULT CHARSET=utf8 COLLATE=utf8_unicode_ci;

LOCK TABLES `contra_indication` WRITE;
/*!40000 ALTER TABLE `contra_indication` DISABLE KEYS */;

INSERT INTO `contra_indication` (`id`)
VALUES
	(40000),
	(40001),
	(40002),
	(40003),
	(40004),
	(40005),
	(40006),
	(40007),
	(40008),
	(40009),
	(40010),
	(40011),
	(40012),
	(40013),
	(40014),
	(40015),
	(40016),
	(40017),
	(40018),
	(40019),
	(40020),
	(40021),
	(40022),
	(40023);

/*!40000 ALTER TABLE `contra_indication` ENABLE KEYS */;
UNLOCK TABLES;


# Dump of table drug
# ------------------------------------------------------------

DROP TABLE IF EXISTS `drug`;

CREATE TABLE `drug` (
  `id` int(11) NOT NULL,
  `description` varchar(255) COLLATE utf8_unicode_ci NOT NULL,
  PRIMARY KEY (`id`),
  CONSTRAINT `FK_43EB7A3EBF396750` FOREIGN KEY (`id`) REFERENCES `answer` (`id`) ON DELETE CASCADE
) ENGINE=InnoDB DEFAULT CHARSET=utf8 COLLATE=utf8_unicode_ci;

LOCK TABLES `drug` WRITE;
/*!40000 ALTER TABLE `drug` DISABLE KEYS */;

INSERT INTO `drug` (`id`, `description`)
VALUES
	(10000,'Rituximab is a chimeric monoclonal antibody against the protein CD20, which is primarily found on the surface of B lymphocytes.'),
	(10001,'Bortezomib is a proteasome inhibitor approved for treating relapsed multiple myeloma and mantle cell lymphoma.'),
	(10002,'Carfilzomib is a selective proteasome inhibitor approved for patients with multiple myeloma who have previously received treatment with Bortezomib and an immunomodulatory therapy and have demonstrated disease progression.'),
	(10003,'Anakinra is an interleukin-1 (IL-1) receptor antagonist.'),
	(10004,'Etanercept is a TNFα (Tumor necrosis factor alpha) inhibitor that acts by mimicing the inhibitory effects of naturally occurring soluble TNF receptors. It is a dimeric molecule which is necessary for its proper therapeutic activity.'),
	(10005,'Trastuzumab is a monoclonal antibody that interferes with the HER2/neu receptor which is overexpressed on HER2-positive breast cancer cells.'),
	(10006,'Cetuximab is a chimeric (mouse/human) monoclonal antibody that acts as epidermal growth factor receptor (EGFR) inhibitor and is approved for treatment of KRAS wild type colon cancer.'),
	(10007,'Imatinib is a tyrosine-kinase inhibitor mainly used in the treatment of Philadelphia chromosome-positive (positive BCR-Abl translocation) chronic myelogenous leukemia (CML).'),
	(10008,'Tocilizumab is a humanized monoclonal antibody against the interleukin-6 receptor (IL-6R).'),
	(10009,'Adalimumab is a fully human monoclonal antibody that acts as TNFα (Tumor necrosis factor alpha) inhibitor.'),
	(10010,'Bevacizumab is a humanized monoclonal antibody that acts as angiogenesis inhibitor by inhibiting vascular endothelial growth factor (VEGF). '),
	(10011,'Alemtuzumab is a monoclonal antibody that binds to CD52  a protein present on the surface of mature lymphocytes and marks them for destruction.'),
	(10012,'Golimumab is a human monoclonal antibody that acts as a TNFα (Tumor necrosis factor alpha) inhibitor.'),
	(10013,'Eculizumab is a humanized monoclonal antibody that is a terminal complement inhibitor acting by preventing the cleavage of C5 to C5a (a potent anaphylatoxin with prothrombotic and proinflammatory properties) and C5b by the C5 convertase, which prevents th'),
	(10014,'Sunitinib is an oral, small-molecule, multi-targeted receptor tyrosine kinase inhibitor.'),
	(10015,'Belimumab is a human monoclonal antibody that inhibits B-cell activating factor (BAFF) also known as B-lymphocyte stimulator (BLyS).'),
	(10016,'Omalizumab is is a humanized monoclonal antibody that specifically binds to free human immunoglobulin E (IgE) in the blood and interstitial fluid and to membrane-bound form of IgE (mIgE) on the surface of mIgE-expressing B lymphocytes. It is used to reduc'),
	(10017,'Erlotinib is a reversible tyrosine kinase inhibitor. It binds to the ATP binding site of the tyrosine kinase of epidermal growth factor receptor (EGFR), thus inhibiting the auto-phosphorysation following the dimerisation of the receptor.  '),
	(10018,'Panitumumab works by binding to the extracellular domain of the EGFR preventing its activation resulting in halting of the cascade of intracellular signals that dependents on this receptor.'),
	(10019,'Ipilimumab is a monoclonal antibody that works by activating the immune system by targeting CTLA-4 on cytotoxic T lymphocytes.'),
	(10020,'Gefitinib is a reversible tyrosine kinase inhibitor. It binds to the ATP binding site of the tyrosine kinase of epidermal growth factor receptor (EGFR), thus inhibiting the auto-phosphorysation following the dimerisation of the receptor.  '),
	(10021,'Amitriptyline is a widely used TCA that acts primarily as a serotonin-norepinephrine reuptake inhibitor mainly used in the treatment of depression.'),
	(10022,'Doxepin is a psychotropic agent with tricyclic antidepressant and anxiolytic properties'),
	(10023,'Imipramine is a tricyclic antidepressant (TCA) and mainly used in the treatment of major depression and enuresis. It affects numerous neurotransmitter such as serotonin, norepinephrine/noradrenaline, dopamine, acetylcholine and others.'),
	(10024,'Comipramine is a tricyclic antidepressant (TCA).'),
	(10025,'Mirtazapine is a tetracyclic antidepressant (TeCA) acting as a centrally α2-adrenergic receptor antagonist.'),
	(10026,'Citalopram is a SSRI (selective serotonin reuptake inhibitor). '),
	(10027,'Sertraline is an antidepressant of the selective serotonin reuptake inhibitor (SSRI) class. '),
	(10028,'Paroxetine is an antidepressant of the selective serotonin reuptake inhibitor (SSRI) class. '),
	(10029,'Fluoxetine is an antidepressant of the selective serotonin reuptake inhibitor (SSRI) class. '),
	(10030,'Venlafaxine is an antidepressant of the serotonin-norepinephrine reuptake inhibitor (SNRI) class. At low doses it acts only on serotonergic transmission, at moderate doses it acts on serotonergic and noradrenergic systems, whereas at high doses it also af'),
	(10031,'Mianserin is a tetracyclic antidepressant (TeCA) and has antidepressant, anxiolytic, hypnotic, antiemetic, orexigenic, and antihistamine effects.'),
	(10032,'Duloxetine is a serotonin-norepinephrine reuptake inhibitor (SNRI)'),
	(10033,'Moclobemid is a reversible and selective monoamine oxidase A inhibitor (MAO-A inhibitor) therefore increasing the concentration levels of neurotransmitters such as norepinephrine (noradrenaline) and especially serotonin (and to a lesser extent also dopami'),
	(10034,'Tranylcypromine is a nonselective and irreversible inhibitor of the enzyme monoamine oxidase (MAO). Despite their well-established efficacy, indications for Tranylcypromine are currently very limited, due to their significant potential for adverse effects'),
	(10035,'Desipramine is a  is a tricyclic antidepressant (TCA) and inhibits the reuptake of norepinephrine and to a minor extent serotonin.'),
	(10036,'Lithium salts are used as a as mood-stabilizing drugs, primarily in the treatment of bipolar disorder. Upon ingestion, lithium becomes widely distributed in the central nervous system and interacts with a number of neurotransmitters and receptors, decreas'),
	(10037,'Valproic acid/Valproate is a compound used as an anticonvulsant and mood-stabilizing drug, primarily in the treatment of epilepsy, bipolar disorder and sometimes depression. It is believed to affect the function of the neurotransmitter GABA and to block v'),
	(10038,'Promethazine is a neuroleptic drug and first-generation antihistamine that has strong sedative and weak antipsychotic effects. It acts primarily as a strong antagonist of the H1 receptor (antihistamine) and a moderate mACh receptor antagonist (anticholine'),
	(10039,'Levomepromazine/Methotrimeprazine is a neuroleptic drug with low antipsychotic potency but strong analgesic, hypnotic and antiemetic properties. It exerts its effects by blocking a variety of receptors, including adrenergic receptors, dopamine receptors, '),
	(10040,'Aripiprazole is a partial dopamine agonist of the second generation, and a so-called atypical antipsychotic drug.'),
	(10041,'Haloperidol is a dopamine inverse agonist of the typical antipsychotic drug class. '),
	(10042,'Fluphenazine is a drug of the typical antipsychotics class. '),
	(10043,'Selegiline is a selective irreversible MAO-B inhibitor.'),
	(10044,'Tolcapone is a selective, potent and reversible inhibitor of the enzyme catechol-O-methyl transferase (COMT) used in treatment of Parkinson\'s disease.'),
	(10045,'Benserazide is a peripheral DOPA decarboxylase inhibitor, which is unable to cross the blood–brain barrier. It is administered in combination with L-DOPA (Levodopa) in treatment to inhibit metabolism of DOPA to dopamine in peripheral tissue. '),
	(10046,'Carbidopa is a peripheral DOPA decarboxylase inhibitor, which is unable to cross the blood–brain barrier. It is administered in combination with L-DOPA (Levodopa) in treatment to inhibit metabolism of DOPA to dopamine in peripheral tissue. '),
	(10047,'L-DOPA (Levodopa) is the precursor to the neurotransmitters dopamine, norepinephrine (noradrenaline), and epinephrine (adrenaline). It crosses the protective blood–brain barrier and is converted into dopamine by the enzyme DOPA decarboxylase (DDC).'),
	(10048,'Paliperidone is a dopamine antagonist of the atypical antipsychotic class of medications. Is is the primary active metabolite of the older antipsychotic risperidone.'),
	(10049,'Olazapine is an atypical antipsychotic approved for the treatment of schizophrenia and bipolar disorder. It has a higher affinity for 5-HT2 serotonin receptors than D2 dopamine receptors. '),
	(10050,'Clozapine is an atypical antipsychotic medication used in the treatment of schizophrenia.'),
	(10051,'Risperidone is an atypical antipsychotic drug which is mainly used to treat schizophrenia. It is a dopamine antagonist possessing antiserotonergic, antiadrenergic and antihistaminergic properties.'),
	(10052,'Quetiapine is a short-acting atypical antipsychotic. It is a dopamine, serotonin, and adrenergic antagonist, and a potent antihistamine with clinically negligible anticholinergic properties. '),
	(10053,'Danaparoid is a heparinoid and acts as an anticoagulant that inhibits activated factor X (factor Xa).'),
	(10054,'Rivaroxaban is a is an oral anticoagulant that acts as direct factor Xa inhibitor. '),
	(10055,'Fondaparinux is a synthetic pentasaccharide factor Xa inhibitor and applied subcutaneously daily.'),
	(10056,'Dabigatran is an oral anticoagulant drug that acts as a direct thrombin (factor IIa) inhibitor.'),
	(10057,'Protamine is a protein used as an antidote for heparin overdose, thus to neutralize the anti-clotting effects of heparin.'),
	(10058,'Coumarin is a chemical substance from which 4-hydroxycoumarins are derived. These are a class of vitamin K antagonist (VKA) anticoagulant drug molecules. The primary mechanism of the 4-hydroxycoumarin drugs is the inhibition of vitamin K epoxide reductase'),
	(10059,'Bivalirudin is a specific and reversible direct thrombin (factor IIa) inhibitor. '),
	(10060,'Argatroban is an anticoagulant that acts as small molecule direct thrombin inhibitor. It cannot be applied orally.'),
	(10061,'Warfarin is a coumarin derivative that acts as anticoagulant normally used in the prevention of thrombosis and thromboembolism. Warfarin inhibits the vitamin K-dependent synthesis of biologically active forms of the calcium-dependent clotting factors II, '),
	(10062,'Abciximab is a GP IIb/IIIa receptor antagonist and therefore acts as a platelet aggregation inhibitor mainly used during and after coronary artery procedures like angioplasty. '),
	(10063,'Aspirin is a salicylate drug and is part of a group of medications called nonsteroidal anti-inflammatory drugs (NSAIDs). Aspirin irreversibly inhibits COX-1 and COX-2 by attaching an acetyl group covalently to a serine residue in the active site of these '),
	(10064,'Phenprocoumon is a long-acting oral anticoagulant drug, a derivative of coumarin. Phenprocoumon inhibits the vitamin K-dependent synthesis of biologically active forms of the calcium-dependent clotting factors II, VII, IX and X, as well as the regulatory '),
	(10065,'Prasugrel is a platelet inhibitor. It inhibits blood clots by inhibiting the P2Y12 receptor on platelets. Compared to Clopidogrel, Prasugrel inhibits ADP–induced platelet aggregation more rapidly, more consistently, and to a greater extent.'),
	(10066,'Clopidogrel is an oral antiplatelet agent used to inhibit blood clots by inhibiting the P2Y12 receptor, an adenosine diphosphate (ADP) chemoreceptor on platelet cell membranes.'),
	(10067,'Torasemide is a loop diuretic. It inhibits NKCC2 (Na-K-2Cl symporter) in the thick ascending limb of the loop of Henle in the kidney, leading to reduced reabsorption of NaCl. This inhibits the kidneys\' ability to retain water. It has a more prolonged diur'),
	(10068,'Tolvaptan is a selective, competitive vasopressin/ADH receptor 2 antagonist. By blocking the vasopressin/ADH receptor 2 Tolvaptan inhibits the synthesis and transport of aquaporins into the cell membranes of cells of the collecting duct system in the kidn'),
	(10069,'Hydrochlorothiazide (HCT) is a diuretic drug of the thiazide class that inhibits the electroneutral sodium-chloride symporter (NCC) in the distal convoluted tubule of the nephron in the kidney. This inhibits the kidneys\' ability to retain water. '),
	(10070,'Triamterene is a direct inhibitor of the epithelial sodium channel (ENaC) on the lumen side of the kidney collecting tubule cells. This promotes the loss of sodium and water from the body, but without depleting potassium. It thus acts as a potassium-spari'),
	(10071,'Spironolactone is a competitive aldosterone antagonist at the mineralcorticoide receptor and thus acts as a potassium-sparing diuretic. '),
	(10072,'Amiloride is a direct inhibitor of the epithelial sodium channel (ENaC) on the lumen side of the kidney collecting tubule cells. This promotes the loss of sodium and water from the body, but without depleting potassium. It thus acts as a potassium-sparing'),
	(10073,'Acetazolamide is a carbonic anhydrase inhibitor. '),
	(10074,'Eplerenone is an aldosterone antagonist highly selective for the mineralocorticoid receptor and acts as a potassium-sparing diuretic.'),
	(10075,'Bumetanide is a loop diuretic as it inhibits NKCC2 (Na-K-2Cl symporter) in the thick ascending limb of the loop of Henle in the kidney, leading to reduced reabsorption of NaCl. This inhibits the kidneys\' ability to retain water. It is used in people in wh'),
	(10076,'Mannitol is a chemical compound (an alcohol) derived from the sugar mannose and is used clinically in osmotherapy. It is highly osmotic active and the most commonly used osmotic diuretic.'),
	(10077,'Etacrynic acide is a loop diuretic. It inhibits NKCC2 (Na-K-2Cl symporter) in the thick ascending limb of the loop of Henle in the kidney, leading to reduced reabsorption of NaCl. This inhibits the kidneys\' ability to retain water. Loss of potassium ions '),
	(10078,'Furosemide is a loop diuretic. It inhibits NKCC2 (Na-K-2Cl symporter) in the thick ascending limb of the loop of Henle in the kidney, leading to reduced reabsorption of NaCl. This inhibits the kidneys\' ability to retain water.'),
	(10079,'Theophylline is both a competitive nonselective phosphodiesterase (PDE) inhibitor and a nonselective adenosine receptor antagonist. It thus has many effects such as inhibiting leukotriene synthesis, reducing inflammation and innate immunity and various ca'),
	(10080,'Telmisartan is a selective angiotensin II receptor type 1 (AT1) blocker and thus acts among other effects as an inhibitor of vasoconstriction. It also acts as a modulator of PPAR-γ, a central regulator of insulin and glucose metabolism.'),
	(10081,'Enalapril is an oral angiotensin converting enzyme (ACE) inhibitor and thus acts among other effects as an inhibitor of vasoconstriction. Enalapril is a prodrug that is metabolized in vivo to its active form enalaprilat.'),
	(10082,'Ramipril is an oral angiotensin converting enzyme (ACE) inhibitor and thus acts among other effects as an inhibitor of vasoconstriction.'),
	(10083,'Captopril is an oral angiotensin converting enzyme (ACE) inhibitor and thus acts among other effects as an inhibitor of vasoconstriction. It was the first ACE inhibitor on the market and had adverse effects such as dry cough, rash and metallic taste.'),
	(10084,'Lisinopril is an oral angiotensin converting enzyme (ACE) inhibitor with a relatively long half-life and good tissue penetration.'),
	(10085,'Perindopril is a long-acting angiotensin converting enzyme (ACE) inhibitor.'),
	(10086,'Doxazosin is a selective α1 blocker that leads to vascular smooth muscle relaxation and thus to decrase of blood pressure. It has been shown less effective than other antihypertensive drugs but is being administered in treatment of benign prostatic hyperp'),
	(10087,'Prazosin is an orally active selective α1 receptor blocker. It may be administered as second line treatment of hypertension and in treatment of urinary hesitancy associated with prostatic hyperplasia. '),
	(10088,'Moxonidine is a selective agonist at the imidazoline receptor subtype 1 in the medulla oblongata which causes a decrease in sympathetic nervous system activity. It thus acts as a centrally-acting antihypertensive drug. '),
	(10089,'Candesartan is a commonly used angiotensin II receptor type 1 (AT1) antagonist.'),
	(10090,'Losartan is an angiotensin II receptor type 1 (AT1) antagonist. It was the first drug of its kind being marketed.'),
	(10091,'Valsartan is an oral angiotensin II receptor type 1 (AT1) antagonist.'),
	(10092,'Eprosartan is an oral angiotensin II receptor type 1 (AT1) antagonist.'),
	(10093,'Uradipil is an α1 receptor antagonist and a 5-HT1A receptor agonist. It thus acts as sympatholytic drug and is used in case of hypertensive crisis. At the moment it is not FDA approved.'),
	(10094,'Clonidine is a centrally acting α2 receptor agonist and a centrally acting imidazoline receptor agonist. It has specificity towards the presynaptic α2-receptors in the vasomotor center in the brainstem which leads to decrease of noradrenaline/norepinephri'),
	(10095,'Propranolol is a non-selective β blocker inhibiting β1 receptor as well as β2 receptor. Also considered an antihypertensive drug it is less used for that indication nowadays.'),
	(10096,'Carvedilol is a combined α and β blocker. It leads to inhibition of α1, β1 and β2 receptors and may be administered in treatment of mild to severe congestive heart failure (CHF).'),
	(10097,'Sotalol is a non-selective competitive β adrenergic receptor blocker and a class III antiarrhythmic drug.'),
	(10098,'Atenolol is a selective β1 adrenergic receptor blocker.'),
	(10099,'Metoprolol is a selective β1 adrenergic receptor blocker used in treatment of diseases of the cardiovascular system. It is also a class II antiarrhythmic drug.'),
	(10100,'Bisoprolol is a competitive selective β1 adrenergic receptor blocker widely used in treatment of hypertension. It may be administered once a day as it has an intrinsically longer duration of action.'),
	(10101,'Nebiprolol is a selective β1 adrenergic receptor blocker with additional nitric oxide-potentiating vasodilatory effect.'),
	(10102,'Esmolol is a selective β1 adrenergic receptor blocker with rapid onset and very short duration of action. '),
	(10103,'Nifedipine is a dihydropyridine calcium channel blocker that primarily blocks L-type calcium channels. It acts by relaxing smooth muscle in the arterial wall which leads to decreased total peripheral resistance (TPR) and thus reduced blood pressure. Calci'),
	(10104,'Verapamil is an L-type calcium channel blocker of the phenylalkylamine class and belongs to the class IV antiarrhythmics.'),
	(10105,'Diltiazem is a non-dihydropyridine calcium channel blocker used in the treatment of hypertension, angina pectoris and some types of arrhythmia. It is a class IV antiarrhythmic.'),
	(10106,'Lidocaine is a common local anesthetic and a class Ib antiarrhythmic drug. It alters signal conduction in neurons by blocking fast voltage gated sodium channels.'),
	(10107,'Flecainide is a class Ic antiarrhythmic agent. It works by blocking sodium channels in the heart slowing down the conduction of electrical impulse.'),
	(10108,'Amiodarone is a class III antiarrhythmic drug used for various types of cardiac dysrhythmias. It blocks the potassium channels in the heart thus increasing the refractory period. In higher dosis it also affects sodium channels and has similar additional a'),
	(10109,'Dronedarone is a class III anti-arrhythmic drug and as such a multichannel blocker, however it is unclear which channel plays a pivotal role for its effect. '),
	(10110,'Ajmaline is a sodium channel blocker and thus a class Ia antiarrhythmic drug.'),
	(10111,'Neostigmine is a an acetylcholinesterase inhibitor and as such indirectly stimulates nicotinic and muscarinic receptors. As a polar substance it does not pass the blood brain barrier and has no effect in the CNS.'),
	(10112,'Sodium nitroprusside (SNP) is an inorganic compound that acts as potent vasodilator. Administered intravenously it breaks down in circulation to release nitric oxide (NO) which leads to relaxation of vascular smooth muscle cells.'),
	(10113,'Bendamustine is an alkylating agent used in anti-cancer therapy. It causes intra-strand and inter-strand cross-links between DNA bases. The intrastrand DNA crosslinks cannot be repaired by cellular machinery and the cell undergoes apoptosis.'),
	(10114,'Cyclophosphamide is an alkylating agent widely used to treat autoimmune disorders. It is also used in anti-cancer therapy. It causes intra-strand and inter-strand cross-links between DNA bases so that the intrastrand DNA crosslinks cannot be repaired by c'),
	(10115,'Busulfan is a non-specific alkylating antineoplastic agent. It causes intra-strand and inter-strand cross-links between DNA bases. The intrastrand DNA crosslinks cannot be repaired by cellular machinery and the cell undergoes apoptosis.'),
	(10116,'Chlorambucil is an orally applied alkylating agent used in anti-cancer therapy.'),
	(10117,'Dacarbazine is an alkylating agent used in anti-cancer therapy and is administered by intravenous infusion.'),
	(10118,'Melphalan is an alkylating agent used in anti-cancer therapy. It is an effective drug to treat multiple myeloma.'),
	(10119,'Procarbazine is an alkylating agent used in anti-cancer therapy. It is part of the following chemotherapeutic regimens: COPP, BEACOPP, MOPP.'),
	(10120,'Asparaginase is an enzyme that catalyzes the hydrolysis of asparagine to aspartic acid. Leukemic cells are unable to synthesize asparagine, whereas normal cells are able to make their own. By adding asparaginase into circulation it deprives the leukemic c'),
	(10121,'5-FU (5-Fluorouracil) is a pyrimidine analog and acts as antimetabolite through irreversible inhibition of thymidylate synthase. This blocks the synthesis of thymidine which is a nucleoside required for DNA replication.'),
	(10122,'Cytarabine or cytosine arabinoside is a pyrimidine analog that acts as antimetabolic agent in cancer therapy. It has a different sugar (arabinose) than normal dCTP (desoxyribose) which leads to stop of DNA replication and to subsequent cell death.'),
	(10123,'Fludarabine is a purine analog that acts as antimetabolite in cancer therapy. It inhibits DNA synthesis by interfering with ribonucleotide reductase and DNA polymerase. '),
	(10124,'Gemcitabine is a pyrimidine analog that acts as antimetabolite in cancer therapy. It inhibits cell replication by stopping of DNA strang replication and by interfering with ribonucleotide reductase which subsequently leads to cell death.'),
	(10125,'Methotrexate (MTX) is an antimetabolite drug that acts by inhibiting the metabolism of folic acid. It is widely used in cancer therapy and in treatment of autoimmune diseases. MTX competitively inhibits dihydrofolate reductase (DHFR) and also interefers w'),
	(10126,'Azathioprine is a purine analog that acts as antimetabolite and that is widely used as immunosuppressive drug in organ transplantation and autoimmune diseases. It acts as inhibitor of different enzyms for the synthesis of the purine bases adenine and guan'),
	(10127,'Actinomycin (Actinomycin D, Dactinomycin) is an anticancer drug that inhibits the transcription process in cells by binding DNA at the transcription initiation complex. It belongs to the class of polypeptide antibiotics isolated from bacteria.'),
	(10128,'Bleomycin is an anticancer agent and acts by induction of DNA strand breaks. It belongs to the class of glycopeptide antibiotics isolated from bacteria. It is a component of the ABVD and BEACOPP regimen.'),
	(10129,'Daunorubicin is an anticancer agent belonging to the anthracycline antibiotics class, that acts by intercalation into DNA. This leads to inhibition of protein biosynthesis as it blocks the enzyme topoisomerase II.'),
	(10130,'Doxorubicin is an anticancer agent belonging to the anthracycline antibiotics class, that acts by intercalation into DNA. This leads to inhibition of protein biosynthesis as it blocks the enzyme topoisomerase II.'),
	(10131,'Mitoxantrone is a type II topoisomerase inhibitor that disrupts DNA synthesis/repair and also acts by intercalation into DNA. It is a drug used in anticancer therapy.'),
	(10132,'6-Mercaptopurine (6-MP) is a purine analog and acts by interacting in various ways with purine synthesis and metabolism. It is used in cancer therapy and in treatment of autoimmune diseases.'),
	(10133,'Etoposide is a so-called topoisomerase II inhibitor that is used in anticancer therapy. It acts by forming a ternary complex with DNA and topoisomerase II leading to DNA strand break and subsequent cell death. '),
	(10134,'Docetaxel is an anticancer agent (of the category of taxanes) used in treatment of breast, ovarian, prostate and NSCLC cancers. It acts by binding to microtubules with high affinity which prevents depolymerisation and leads to inhibition of mitotic cell d'),
	(10135,'Irinotecan is a so-called topoisomerase I inhibitor that is used in anticancer therapy.'),
	(10136,'Paclitaxel is an anticancer agent (of the category of taxanes) used in treatment of breast, ovarian, lung and head/neck cancers. It acts by binding to microtubules with high affinity which prevents depolymerisation and leads to inhibition of mitotic cell '),
	(10137,'Topotecan is an oral topoisomerase I inhibitor that is used in anticancer therapy.'),
	(10138,'Vinblastine is an antimicrotubule and thus an anticancer drug. It binds to tubulin dimers which inhibits the assembly of microtubules and leads to cell cycle arrest in metaphase and subsequent cell death. It is a so-called mitotic inhibitor.'),
	(10139,'Vincristine is an antimicrotubule and thus an anticancer drug. It binds to tubulin dimers which inhibits the assembly of microtubules and leads to cell cycle arrest in metaphase and subsequent cell death. It is a so-called mitotic inhibitor.'),
	(10140,'Cisplatin is a platinum-based anticancer drug that binds to and causes crosslinking of DNA (mostly of guanine bases). This interferes with cell division and ultimately leads to apoptosis.'),
	(10141,'Oxaliplatin is a platinum-based anticancer drug that binds to DNA and causes inter- and intrastrand crosslinking (mostly by binding to guanine bases). These crosslinks prevent DNA replication and transcription and ultimately lead to apoptosis. It is admin'),
	(10142,'Carboplatin is a platinum-based anticancer drug that binds to and causes crosslinking of DNA (mostly of guanine bases). This interferes with cell division and ultimately leads to apoptosis. It has vastly reduced side effects compared to its parent compoun'),
	(10143,'Temsirolimus is a specific mTOR inhibitor and thus interferes with the synthesis of proteins that regulate proliferation, growth, and survival of tumor cells. '),
	(10144,'Tacrolimus is a so-called Calcineurin inhibitor which acts as immunosuppressive drug. This prevents acitvation of NFAT in T cells. It is used after allogeneic organ transplant to reduce the activity of the patient\'s immune system and thus lower the risk o'),
	(10145,'Mesna is an organosulfur compound used as adjuvant in anticancer therapy with Cyclophosphamide. It reduces incidence of hemorrhagic cystitis as it detoxifies a metabolite of Cyclophosphamide.'),
	(10146,'Terparatide is a PTH alike molecule that is applied once daily. This form of application stimulates osteoblasts to new bone formation and leads to increased bone mineral density.'),
	(10147,'Ibandronic acid (Ibandronate) is a bisphosphonate used to prevent the loss of bone mass. It does so by mimicking pyrophosphate\'s structure, thereby inhibiting activation of enzymes from osteoclasts that degrade bone tissue.'),
	(10148,'Pamidronic acid (Pamidronate) is a bisphosphonate used to prevent the loss of bone mass. It does so by mimicking pyrophosphate\'s structure, thereby inhibiting activation of enzymes from osteoclasts that degrade bone tissue.'),
	(10149,'Zolendronic acid is a bisphosphonate used to prevent the loss of bone mass. It does so by mimicking pyrophosphate\'s structure, thereby inhibiting activation of enzymes from osteoclasts that degrade bone tissue. It is administered by intravenous infusion.'),
	(10150,'Vemurafenib is a B-Raf enzyme inhibitor for the treatment of late-stage melanoma. It acts by causing programmed cell death in melanoma cell lines.'),
	(10151,'Abiraterone is a 17 α-hydroxylase (CYP17A1) inhibitor in steroide synthesis. This prevents the conversion of prenenolone and progesterone to their 17-α-hydroxy derivatives, and the subsequent formation of dehydroepiandrosterone (DHEA) and androstenedione '),
	(10152,'Bexarotene is a retinoid used in anticancer therapy that selectively activates retinoid X receptors (RXR). Activated RXR acts as transcriptin factor that regulates the expression, differentiation and proliferation of cells. This leads to removing negative'),
	(10153,'Bicalutamide is an oral non-steroidal androgen receptor (AR) antagonist. It thus leads to reduced androgen e.g. testosterone effect on cells.'),
	(10154,'Buserelin is a Gonadotropin-releasing hormone analog/agonist (GnRH agonist) which upon administration interferes with the effect of the physiologically pulsatile released GnRH. Initially it increases release of FSH and LH (so-called \"flare up\"), but long '),
	(10155,'Degarelix is a competitive GnRH receptor antagonist. This leads to inhibition of FSH and LH release in the pituitary gland.'),
	(10156,'Flumazenil is a benzodiazepine antagonist which leads to competitive inhibition of the benzodiazepine effect at its binding site on the GABAa receptor. It is thus used as an antidote for benzodiazepine intoxication / overdose.'),
	(10157,'Goserelin is a Gonadotropin-releasing hormone analog/agonist (GnRH agonist) which upon administration interferes with the effect of the physiologically pulsatile released GnRH. Initially it increases release of FSH and LH (so-called \"flare up\"), but long '),
	(10158,'Leuprorelin is a Gonadotropin-releasing hormone analog/agonist (GnRH agonist) which upon administration interferes with the effect of the physiologically pulsatile released GnRH. Initially it increases release of FSH and LH (so-called \"flare up\"), but lon'),
	(10159,'Tamsulosin is a selective α1 receptor antagonist which has preferential selectivity for the α1A receptor in the prostate versus the α1B receptor in the blood vessels. Blocking these receptors in the bladder neck and the prostate causes smooth muscle relax'),
	(10160,'Tamoxifen acts as estrogen receptor (ER) antagonist in breast tissue and as ER agonist in other tissues such as endometrium and is thus referred to as SERM (selective estrogen receptor modulator). It is first-line treatment in ER-positive breast cancer.'),
	(10161,'Thalidomide is nowadays an anticancer drug that induces direct tumor cell apoptosis, inhibits stromal cell support and has antiangiogenic and immunomodulatory activity. It is known for the Contergan scandal as it was marketed as sedative that helps allevi'),
	(10162,'Triptorelin is a Gonadotropin-releasing hormone analog/agonist (GnRH agonist) which upon administration interferes with the effect of the physiologically pulsatile released GnRH. Initially it increases release of FSH and LH (so-called \"flare up\"), but lon'),
	(10163,'Linalidomide is an anticancer drug that induces direct tumor cell apoptosis, inhibits stromal cell support and has antiangiogenic and immunomodulatory activity. It is a derivative ot Thalidomide.'),
	(10164,'Anastrozol is an aromatase antagonist. It reversibly binds to the aromatase enzyme inhibiting the conversion of androgens to estrogens in peripheral tissues.'),
	(10165,'Exemestan is an oral steroidal aromatase inhibitor used in ER-positive breast cancer.'),
	(10166,'Galantamine is a competitive and reversible cholinesterase inhibitor and therefore leads to increased concentration of acetylcholine in the brain.'),
	(10167,'Donepezil is a centrally acting reversible acetylcholinesterase inhibitor used in palliative treatment of Alzheimer\'s disease.'),
	(10168,'Denosumab is a human monoclonal antibody designed to inhibit RANKL.  '),
	(10169,'Sorafenib is a small molecular inhibitor of several tyrosine protein kinases (VEGFR, PDGFR) and raf kinases (serine/threonine-specific protein kinases).'),
	(10170,'Dasitinib is a tyrosine-kinase inhibitor mainly used in the treatment of Philadelphia chromosome-positive (positive BCR-Abl translocation) chronic myelogenous leukemia (Ph+ CML) and acute lymphoblastic leukemia (Ph+ ALL). '),
	(10171,'Nilotinib inhibits the tyrosine-kinases BCR-ABL and others.'),
	(10172,'Rasaglinine is a selective irreversible MAO-B inhibitor and is used in monotherapy in early Parkinson\'s disease.'),
	(10173,'Digoxin is a so-called cardiac glycoside and acts by decreasing the function of the  Na+/K+ ATPase pump on myocytes. This increases the level of sodium ions in myocytes, which also leads to rise of level of intracellular calcium ions decreasing the activi'),
	(10174,'Norepinephrine/Noradrenaline is a catecholamine with multiple roles including as a hormone and a neurotransmitter. As a medication it is mainly used as vasopressor for patient with hypotensive condition. It strongly binds to α1 receptors but also to α2 an'),
	(10175,'Dobutamine is a β1 receptor agonist used in heart failure and cardiogenic shock. It has also weak β2 and α1 activity.'),
	(10176,'Epinephrine/Adrenaline acts as a hormone and a neurotransmitter. It is a nonselective agonist of all adrenergic receptors, including the major subtypes α1, α2, β1, β2, and β3. As a drug it is used in cases of cardiac arrest, anaphylaxis, asthma, croup, lo'),
	(10177,'Adenosine is a purine nucleoside consisting of a adenine and a ribose which can be used for synthesis ATP. It also mediates various effects by binding to its different adenosine receptors in many tissues. When administered intravenously, adenosine causes '),
	(10178,'Atropine is a competitive muscarinic ACh receptor antagonist and thus acts as parasympatholytic drug.'),
	(10179,'Glyceryl trinitrate (GTN) is a prodrug that produces the active metabolite NO and thus acts as a strong vasodilator. NO activates guanylyl cyclase (GC), which results in cGMP increase and leads to activation of myosin light chain phosphatase and smooth mu'),
	(10180,'Molsidomine is a prodrug and acts as orally long acting vasodilating drug by releasing of nitric oxide. NO activates guanylyl cyclase (GC), which results in cGMP increase and activation of myosin light chain phosphatase that then leads to smooth muscle re'),
	(10181,'Bromocriptin is a dopamine agonist of the ergoline class, which is used in treatment of pituitary tumors, Parkinson disease and hyperprolactinaemia. It is an agonist at dopamine D2 receptors and some serotonie receptors.'),
	(10182,'Enoxiparin is a low molecular weight heparin that acts as anticoagulant by accelerating the activitiy of antithrombin III.'),
	(10183,'O2 (oxygen) supplementation is used in medicine for treatment of emphysema, pneumonia, heart failure, PAH and many other conditions. It not only increases oxygen levels in the blood, but has the secondary effect of decreasing resistance to blood flow in m'),
	(10184,'Entacapone is a COMT (catechol-O-methyl transferase) inhibitor used in treatment of Parkinson disease. It is often combined with Levodopa/L-DOPA and a decarboxylase inhibitor.'),
	(10185,'Pramipexole is a dopamine agonist of the non-ergoline class. It has high affinity for some dopamine receptors and lower affinity to some serotonine receptors.'),
	(10186,'Pergolide is an ergoline-based dopamine receptor agonist. It is has been withdran from US market.'),
	(10187,'Amantadine is an antiviral and an antiparkinsonian drug. It is a weak antagonist of the NMDA type glutamate receptor, increases dopamine release, and blocks dopamine reuptake.'),
	(10188,'Alteplase, often referred to as rtPA (recombinant tissue plasminogen activator), is a serine protease that catalyzes the conversion of plasminogen to plasmin. It thus leads to fibrinolysis and blood clot breakdown.'),
	(10189,'Streptokinase is a serine protease produced by some streptococci that acts as fibrinolytic drug by binding and converting plasminogen to plasmin. It is less used nowadays as other fibrinolytic drugs have shown better effects and less adverse effects.'),
	(10190,'Urokinase (uPA) is a serine protease produced by some streptococci that acts as fibrinolytic drug by binding and converting plasminogen to plasmin.'),
	(10191,'Tranexamic acid is an antifibrinolytic drug that acts by competitively binding to plasminogen thus inhibiting its conversion into plasmin, and to plasmin itself. It is roughly eight times more effective than the older drug Aminocaproic acid.'),
	(10192,'Desflurane is a volatile anesthetic used for general anesthesia. It is supposed to have various effects on receptors (GABA, glycine, glutamate, etc.) and cell membranes which together lead to anesthesia. It has the most rapid onset and offset compared to '),
	(10193,'Sevoflurane is a volatile anesthetic used for general anesthesia. It is supposed to have various effects on receptors (GABA, glycine, glutamate, etc.) and cell membranes which together lead to anesthesia. It is the preferred agent for mask induction due t'),
	(10194,'Isoflurane is a volatile anesthetic used for general anesthesia. It is supposed to have various effects on receptors (GABA, glycine, glutamate, etc.) and cell membranes which together lead to anesthesia. It is being replaced more and more by the more expe'),
	(10195,'N2O is a is a weak general anasthetic which can be used as a carrier gas together with oxygen for more powerful anesthetics such as Desflurane and Sevoflurane. '),
	(10196,'Sodium thiopental is a rapid-onset short-acting barbiturate general anesthetic. Like other barbiturates it enhances the effect of GABAa receptors in the brain and the spinal cord and in higher concentration it acts as direct agonist at GABAa receptor.'),
	(10197,'Propofol is a short-acting, intravenously administered hypnotic agent used for induction and maintenance of general anesthesia and for sedation. It is supposed to act by potentiation of GABAa receptor activitiy and as a potential sodium channel blocker.'),
	(10198,'Atorvastatin is a competitive inhibitor of HMG-CoA reductase. It thus inhibits the rate determinant step for the cholesterol production in hepatozytes. It also reduces blood levels of triglycerides. It was the first synthetic statin and was the best-selli'),
	(10199,'Simvastatin is a competitive inhibitor of HMG-CoA reductase. It thus inhibits the rate determinant step for the cholesterol production in hepatozytes. It also reduces blood levels of triglycerides.'),
	(10200,'Fluvastatin is a competitive inhibitor of HMG-CoA reductase. It thus inhibits the rate determinant step for the cholesterol production in hepatozytes. It also reduces blood levels of triglycerides. It is the statin of choice when treating hypercholesterol'),
	(10201,'Pravastatin is a competitive inhibitor of HMG-CoA reductase. It thus inhibits is rate determinant step for the cholesterol production in hepatozytes. It also reduces blood levels of triglycerides. Pravastatin is cleared by the kidney in contrast to most o'),
	(10202,'Gemfibrozil is an oral drug used to lower lipid level. It activates PPARα (peroxisome proliferator-activated receptor-alpha) leading to increase lipoprotein lipase activity and subsequent decrease of triglycerate in the blood.'),
	(10203,'Lovastatin is a competitive inhibitor of HMG-CoA reductase. It thus inhibits the rate determinant step for the cholesterol production in hepatozytes. It also reduces blood levels of triglycerides. Lovastatin is a naturally occuring product.'),
	(10204,'Bezafibrate is an oral drug used to lower lipid level. It activates PPARα (peroxisome proliferator-activated receptor-alpha) leading to increase lipoprotein lipase and subsequent decrease of triglycerate in the blood. Not FDA approved at the moment.'),
	(10205,'Lantanoprost is a prostaglandin analogue is used to treat glaucoma and ocular hypertension. It is a solution that is applied topically in the eye and that leads to increase outflow of aqueous fluid through the uvealsclearal tract.'),
	(10206,'Timolol is a non-selective β adrenergic receptor antagonist. It is used for reduction of aqueous humour production in the eye and is applied topically. The oral form can also be used for treatment of hypertension although other beta blockers are usually p'),
	(10207,'Pilocarpine is a non-selective muscarinic ACh receptor agonist. It is applied topically in the eye where it acts on the M3 receptor on the iris sphincter muscle and the ciliary muscle. The latter effect opens the trabecular meshwork which releases intraoc'),
	(10208,'Dorzolamide is a carbonic anhydrase inhibitor used as anti-glaucoma agent that acts by decreasing the production of aqueous humour. It is a solution that is applied topically.'),
	(10209,'Pantoprazole is a direct proton pump (H+/K+ ATPase) inhibitor drug which leads to decrease in gastric acid secretion.'),
	(10210,'Omeprazole is a direct proton pump (H+/K+ ATPase) inhibitor drug which leads to decrease in gastric acid secretion.'),
	(10211,'Sumatriptan is a synthetic alkaloid used in the treatment of migraine headaches. It acts as a serotonin receptor agonist on 5HT receptor subtypes present on cranial blood vessels then leading to vasoconstriction.'),
	(10212,'Acamprosate is a drug used for treatment of alcohol dependence. Although not fully understood its mechanism of action comprises GABAa agonist and NMDA antagonists effects.'),
	(10213,'Melatonin is a hormone produced in the pineal gland that has pleiotropic effects such as circadian rhythm regulation, antioxidant effects, immune system effects and effects on libido. As a drug it is mainly used for treatment of sleeping disorders and dep'),
	(10214,'Disulfiram is a drug used for treatment of alcohol dependence by producing an acute sensitivity to alcohol. It blocks acetaldehyde dehydrogenase, inhibiting the precessing of ethanol and thus causing unpleasant and negative reaction to alcohol intake with'),
	(10215,'Colchicine is a toxic natural product extracted from plants that inhibits microtubule polymerization by binding to tubulin. It also inhibits neutrophil motility and activity leading to net and acute anti-inflammatory effects: this is the main therapeutic.'),
	(10216,'Naphazoline is an alpha adrenergic receptor agonist with some α1 selectivity acting as vasocontrictor. It is usually applied topically (nasal spray) on mucous membranes to reduce swelling.'),
	(10217,'Oxymetazoline is a selective α1 agonist and partial α2 agonist topical decongestant. It is generally available as a nasal spray.'),
	(10218,'Finasteride is a type I+II 5α-reductase inhibitor. This blocks the conversion of testosterone to the more potent diyhdrotestosterone (DHT).'),
	(10219,'Dutasteride is a 5α-reductase inhibitor. This blocks the conversion of testosterone to the more potent diyhdrotestosterone (DHT). It is more potent then the older drug Finasteride.'),
	(10220,'Oxybutynin is a competitive muscarinic ACh receptor antagonist with specificity for M1, M2, and M3 used to relieve urinary and bladder difficulties.'),
	(10221,'Sildenafil is a PDE-5 inhibitor used for treatment of erectile dysfunction and pulmonary arterial hypertension. '),
	(10222,'Taldalafil is a PDE-5 inhibitor used for treatment of erectile dysfunction and pulmonary arterial hypertension. With up to 36-hours it has longer effectiveness than Sildenafil.'),
	(10223,'Vardenafil is a PDE-5 inhibitor used for treatment of erectile dysfunction and pulmonary arterial hypertension. '),
	(10224,'Lactulose is a synthetic, non-digestible sugar and acts as an osmotic laxative by retaining water in the lower bowel. It is therefore used in treatment of patients with chronic constipation.'),
	(10225,'Loperamide is an orally applied opioid receptor agonist and acts on μ-opioid receptors in the myenteric plexus of the large intestine. This decreases the tone of smooth muscles in the intestine, allowing water to be absorbed more efficiently and avoiding '),
	(10226,'Alendronic acid (alendronate) is a bisphosphonate used to prevent the loss of bone mass. It does so by mimicking pyrophosphate\'s structure, thereby inhibiting activation of enzymes from osteoclasts that degrade bone tissue.'),
	(10227,'Levothyroxine (L-thyroxine) is a synthetic form ot the thyroid hormone which is normally secreted by follicular cells of the thyroid gland and is typically used to treat hypothyroidism.'),
	(10228,'Allopurinol is a purine analog that acts as xanthine oxidase inhibitor and thus leads to reduced uric acid blood level. It is used for treatment of gout and hyperuricemia.'),
	(10229,'Metoclopramide is a dopamine D2 receptor antagonist in the chemoreceptor trigger zone in the CNS and thus acts as antiemetic drug. '),
	(10230,'Scopolamine is a competitive muscarinic receptor antagonist and is used as drug against motion sickness and postoperative nausea and vomiting.'),
	(10231,'Domperidone is an antiemetic drug with dopamine receptor blocking activity at both the chemoreceptor trigger zone (CTZ) in the brain and at the gastric level (especially D2 and D3 receptors). It is currently not FDA approved.'),
	(10232,'Granisetron is a 5-HT3 receptor antagonist used as antiemetic drug for treatment of PONV (postoperative nausea and vomiting) and CINV (chemotherapy induced nausea and vomiting). It can also be applied via transdermal patch.'),
	(10233,'Ondansetron is a 5-HT3 receptor antagonist used as antiemetic drug for treatment of PONV (postoperative nausea and vomiting) and CINV (chemotherapy induced nausea and vomiting).'),
	(10234,'Zolpidem is a short-acting nonbenzodiazepine hypnotic that potentiates the effect of GABA by binding as full agonist to GABAa receptor. It works within 15 min with a half-time of 2-3 hours. Zolpidem has less tolerance-producing potential than benzodiazepi'),
	(10235,'Zoplicone is a short-acting nonbenzodiazepine hypnotic that potentiates the effect of GABA by binding as full agonist to GABAa receptor. Zoplicone is currently not FDA approved.'),
	(10236,'Midazolam is a short-acting benzodiazepine that binds to a specific subunit on the GABAa receptor resulting in increased opening of the chloride ion channel and thus in enhanced GABA effects. Intrinsic benzodiazepine effects are: anxiolysis, anterograde a'),
	(10237,'Flunitrazepam is an intermediate-acting benzodiazepine that binds to a specific subunit on the GABAa receptor resulting in increased opening of the chloride ion channel and thus in enhanced GABA effects. It is considered to be one of the most effective be'),
	(10238,'Diazepam is a long-acting benzodiazepine that binds to a specific subunit on the GABAa receptor resulting in increased opening of the chloride ion channel and thus in enhanced GABA effects. Intrinsic benzodiazepine effects are: anxiolysis, anterograde amn'),
	(10239,'Lorazepam is a high-potency, intermediate-acting benzodiazepine that binds to a specific subunit on the GABAa receptor resulting in increased opening of the chloride ion channel and thus in enhanced GABA effects. Intrinsic benzodiazepine effects are: anxi'),
	(10240,'Salbutamol is a short-acting (4–6 hours) β2 adrenergic receptor agonist used for relief of acute bronchospasm.'),
	(10241,'Terbutaline is a short-acting β2 adrenergic receptor agonist used as a bronchodilator for example in short-term asthma treatment and as a tocolytic to delay premature labor. The inhaled form of terbutaline starts working within 15 minutes and can last up '),
	(10242,'Salmeterol is a long-acting β2 adrenergic receptor agonist drug.'),
	(10243,'Fenoterol is a short-acting β2 adrenergic receptor agonist used for relief of acute bronchospasm.'),
	(10244,'Bambuterol is a long-acting β2 adrenergic receptor agonist drug used in the long-term management of persistent asthma and COPD. It is a prodrug of Terbutaline.'),
	(10245,'Formoterol is a long-acting (up to 12 hours) β2 adrenergic receptor agonist drug used in the management of chronic asthma and chronic obstructive pulmonary disease (COPD).'),
	(10246,'Montelukast is a leukotriene receptor antagonist administered in treatment of asthma and seasonal allergies. It specifically blocks the action of leukotriene D4 on the cysteinyl leukotriene receptor CysLT1 in the lungs and bronchial tubes by binding to it'),
	(10247,'Ipratropium bromide is a muscarinic ACh receptor antagonist which blocks the effect of ACh in the smooth mucles of the bronchi in the lungs. It thus inhibits bronchocontriction and mucus secretion. It is applied topically in an inhaler, with use of a nebu'),
	(10248,'Tiotropium bromide is a long-acting (24 hour) muscarinic ACh receptor antagonist which blocks the effect of ACh in the smooth mucles of the bronchi in the lungs. It thus inhibits bronchocontriction and mucus secretion. It is applied topically in an inhale'),
	(10249,'Prednisolone is a immunosuppressant and is a synthetic glucocorticoid that binds to the intracellular GR (glucocorticoid receptor). It is used to treat a variety of inflammatory and auto-immune conditions. Treat as short as possible, topical application h'),
	(10250,'Predisone is a immunosuppressant and a synthetic glucocorticoid that binds to the intracellular GR (glucocorticoid receptor). It is used to treat a variety of inflammatory and auto-immune conditions. Treat as short as possible, topical application has les'),
	(10251,'Hydrocortinsone is a the synthetic glucocorticoid equivalent to the steroid hormone Cortisol produced in the zona fasciculata of the adrenal cortex. In pharmacotherapy it acts as immunosuppressant that binds to the intracellular GR (glucocorticoid recepto'),
	(10252,'Belcometasone is a glucocorticoid steroid that is applied in form of an inhaler for prophylaxis of asthma. Its glucocorticoid potency is approximately 500 when inhaled.'),
	(10253,'Budesonide is a glucocorticoid steroid used by topical application for treatment of asthma, COPD and rhinitis. Newer indications involve Crohn\'s disease and ulcerative colitis when applied orally. Its glucocorticoid potency when applied topically is appro'),
	(10254,'Fluticasone is a synthetic glucocorticoid steroid that is applied in form of an inhaler for treatment of COPD, asthma and allergic rhinitis.'),
	(10255,'Dexamethasone is a synthetic glucocorticoid that binds to the intracellular GR (glucocorticoid receptor) and is used to treat a variety of inflammatory and auto-immune conditions. Treat as short as possible, topical application has less systemic adverse e'),
	(10256,'Betamethasone is a synthetic glucocorticoid that binds to the intracellular GR (glucocorticoid receptor) and is used to treat a variety of inflammatory and auto-immune conditions. Treat as short as possible, topical application has less systemic adverse e'),
	(10257,'Clobetasol propionate is a very potent glucocorticoid steroid used for topical application on skin.'),
	(10258,'Naloxone is a competitive μ-opioid receptor antagonist with high affinity and rapid onset. It is thus used to antagonize opioid overdose.'),
	(10259,'Physostigmine is a reversible acetylcholinesterase inhibitor. It is hydrophobic enough to cross the blood-brain barrier and act in the CNS.'),
	(10260,'Acetylcysteine is a a derivative of the amino acid cysteine that is primarly used as mucolytic agent (inhaled application) and in the management of Acetaminophen/Paracetamol overdose (intravenous application).'),
	(10261,'Hydroxocobalamin is a the bacterial form of vitamin B12 which is used pharmaceutically in case of cyanide poisoning because of its high affinity for cyanide ion.'),
	(10262,'Cetirizine is an over-the-counter available selective H1 histamine receptor antagonist. '),
	(10263,'Diphenhydramine is a first-generation selective histamine H1 receptor antagonist possessing anticholinergic, antitussive, antiemetic and sedative properties. First-generation antihistaminic drugs can pass the blood-brain barrier and can be used as sedativ'),
	(10264,'Loratadine is a second-generation selective peripheral histamine H1 receptor antagonist. '),
	(10265,'Naphozoline is a selective α1 adrenergic receptor agonist which is used topically in the eye and on the nasal mucous membrane. It leads to vasocontriction of arterioles in the applied area and to reduced swelling and production of mucous layer.'),
	(10266,'Dimenhydrinate is a combination of Diphenhydramine (selective histamine H1 receptor antagonist) and Chlorotheophylline and is an over-the-counter drug used to prevent nausea and motion sickness. Chlorotheophylline was added to counteract possible dizzines'),
	(10267,'Clemastine is a selective histamine H1 receptor antagonist. It is an antihistamine with anticholinergic and sedative effects.'),
	(10268,'Ranitidine is a selective competitive histamine H2 receptor antagonist that inhibits stomach acid and pepsin production. It is an over-the-counter drug and has 10 times higher efficiency compared to Cimetidine.'),
	(10269,'Cimetidine is a selective competitive histamine H2 receptor antagonist that inhibits stomach acid and pepsin production.'),
	(10270,'Meclizine is a selective histamine H1 receptor antagonist that can pass the blood-brain barrier and that has anticholinergic, antiemetic and antivertigo effects. It is used to treat symptoms of motion sichkness and vertigo. '),
	(10271,'Cefuroxime is a parenteral second-generation cephalosporin antibiotic with good activity against H. influenzae, N. gonorrhoeae and Lyme disease. It can cross the blood-brain barrier. Not effective against Enterococcus. Cephalosporin antibiotics belong to '),
	(10272,'Ceftriaxone is a third-generation cephalosporin antibiotic with broad-spectrum activity against Gram-positive and Gram-negative bacteria. It is the drug of choice for treatment of bacterial meningitis. Not effective against Enterococcus. Cephalosporin ant'),
	(10273,'Ceftazidime is a third-generation cephalosporin antibiotic with broad spectrum activity against Gram-positive and Gram-negative bacteria including Pseudomonas aeruginosa. However it has weaker activity against Gram-positive microorganisms. Not effective a'),
	(10274,'Cefotaxime is a third-generation cephalosporin antibiotic with broad-spectrum activity against Gram-positive and Gram-negative bacteria. Not effective against Enterococcus. Cephalosporin antibiotics belong to the class of β-lactam antibiotics that interfe'),
	(10275,'Norfloxacin is a first-generation fluoroquinolone antibiotic. It is less used than other fluoroquinolones. Fluoroquinolones inhibit the DNA gyrase (bacterial topoisomerase) and act bacteriolytic. They have good tissue penetration and they exhibit high act'),
	(10276,'Ciprofloxacin is a second-generation fluoroquinolone antibiotic. It is a strong inhibitor of P450 enzyms which may lead to interaction with other drugs. Fluoroquinolones inhibit the DNA gyrase (bacterial topoisomerase) and act bacteriolytic. They have goo'),
	(10277,'Levofloxacin is a third-generation fluoroquinolone antibiotic. Fluoroquinolones inhibit the DNA gyrase (bacterial topoisomerase) and act bacteriolytic. They have good tissue penetration and they exhibit high activity against intracellular pathogens such a'),
	(10278,'Moxifloxacin is a fourth-generation fluoroquinolone antibiotic. Fluoroquinolones inhibit the DNA gyrase (bacterial topoisomerase) and act bacteriolytic. They have good tissue penetration and they exhibit high activity against intracellular pathogens such '),
	(10279,'Penicillin V is an orally active penicillin and as such a narrow-spectrum, bacteriolytic, β-lactam antibiotic used to treat mild to moderate bacterial infections. It is has better activity against Gram-positive bacteria. Spectrum of action: Gram-positive '),
	(10280,'Meticillin is a narrow-spectrum beta-lactam antibiotic of the penicillin class. Its role in therapy has been largely replaced by other antibiotics, however the term meticillin-resistant Staphylococcus aureus (MRSA) continues to be used to describe Staphyl'),
	(10281,'Ampicillin is an orally active aminopenicillin and acts as moderate-spectrum, bacteriolytic, β-lactam antibiotic used to treat bacterial infections. It interferes with the synthesis of the bacterial wall by binding to PBPs (penicillin-binding proteins). A'),
	(10282,'Amoxicillin is an orally active penicillin and acts as moderate-spectrum, bacteriolytic, β-lactam antibiotic used to treat bacterial infections. It interferes with the synthesis of the bacterial wall by binding to PBPs (penicillin-binding proteins). Amoxi'),
	(10283,'Piperacillin is an intraveously applied penicillin and acts as extended-spectrum, bacteriolytic, β-lactam antibiotic used to treat bacterial infections. It interferes with the synthesis of the bacterial wall by binding to PBPs (penicillin-binding proteins'),
	(10284,'Sulbactam is a β-lactamase inhibitor which is given in combination with β-lactam antibiotics (especially penicillins) to prevent degradation of the antibiotic by the bacterial enzyme β-lactamases. Sulbactam is often combined with Ampicillin.'),
	(10285,'Clavulanic acid is a β-lactamase inhibitor which is given in combination with β-lactam antibiotics (especially penicillins) to prevent degradation of the antibiotic by the bacterial enzyme β-lactamases. Claculanic acid is often combined with Amoxicillin.'),
	(10286,'Tazobactam is a β-lactamase inhibitor which is given in combination with penicillins to prevent degradation of the penicillin by the bacterial enzyme β-lactamases. Tazobactam is often combined with Piperacillin.'),
	(10287,'Trimethoprim is a bacterial dihydrofolate reductase inhibitor and acts as bacteriostatic antibiotic. It is less used due to high resistance prevalence. Spectrum of action: E. coli, Enterobacter spp., K. pneumoniae, P. mirabilis, coagulase-neg Staphylococc'),
	(10288,'Co-trimoxazol (Trimethoprim/Sulfamethoxazole) is a combination of the bacterial dihydrofolate reductase inhibitor Trimethoprim and the bacterial dihydrofolate synthetase inhibitor Sulfamethoxazole. This combination has synergistic bacteriostatic effects a'),
	(10289,'Vancomycin is a glycopeptide antibiotic that acts by inhibiting proper cell wall synthesis in Gram-positive bacteria. It is used to treat serios infections with MRSA or MRSE. Spectrum of action: Gram-positive bacteria, MRSA, E faecalis, C difficile and ot'),
	(10290,'Teicoplanin is a glycopeptide that acts as antibiotic drug used in the prophylaxis and treatment of serious infections caused by Gram-positive bacteria, including MRSA and Enterococcus faecalis. Spectrum of action: Gram-positive bacteria, MRSA, E faecalis'),
	(10291,'Linezolid is a synthetic antibiotic of the oxazolidinone class used for the treatment of serious infections caused by Gram-positive bacteria that are resistant to several other antibiotics and is thus considered a antibiotic of last resort. It is a protei'),
	(10292,'Doxycycline is a tetracycline antibiotic that inhibits bacterial protein synthesis by binding the 30S ribosome subunit thus blocking the entry of Aminoacyl-tRNA and further translation of mRNA. It also has antiprotozoal effects that may be used in malaria'),
	(10293,'Tigecycline is a glycylcycline antibiotic that inhibits bacterial protein synthesis by binding the 30S ribosome subunit thus blocking the entry of Aminoacyl-tRNA and further translation of mRNA. it is considered an antibiotic of last resort that may be us'),
	(10294,'Fosfomycin is a broad-spectrum antibiotic that inhibits bacterial cell wall biogenesis by inactivating specific enzymes. It is often used for treatment of UTI and is usually administered as a single oral megadose. Spectrum of action: E. faecalis, E.coli, '),
	(10295,'Clindamycin is a lincosamine antibiotic that inhibits bacterial protein synthesis by binding the 50S ribosome subunit thus blocking further translation of mRNA. It is often used against anaerobic bacteria but also against protozoal diseases. A common and '),
	(10296,'Clarithromycin is an orally active macrolide antibiotic that inhibits bacterial protein synthesis by binding the 50S ribosome subunit thus blocking further translation of mRNA. It has good activity against Legionelle pneumophila and is one of the possible'),
	(10297,'Azithromycin is an orally active macrolide antibiotic that inhibits bacterial protein synthesis by binding the 50S ribosome subunit thus blocking further translation of mRNA. It diffuses in high concentration into tissues (high volume distribution) which '),
	(10298,'Amikacin is an intravenously (or IM) applied aminoglycoside antibiotic that inhibits bacterial protein synthesis by binding the 30S ribosome subunit thus causing misreading of mRNA. It is a antibiotic of last resort often used to treat severe hospital-aqu'),
	(10299,'Gentamicin is an intravenously (or IM) applied aminoglycoside antibiotic that inhibits bacterial protein synthesis by binding the 30S ribosome subunit thus causing misreading of mRNA. It is often used for severe infections with Gram-negative bacteria, suc'),
	(10300,'Tobramycin is an intravenously (or IM) applied aminoglycoside antibiotic that inhibits bacterial protein synthesis by binding the 30S ribosome subunit thus causing misreading of mRNA. It is particulary effective for treatment of Pseudomonas spp. due to hi'),
	(10301,'Imipenem is an intravenously active carbapenem and as such an ultra-broad spectrum, bacteriolytic, β-lactam antibiotic used to treat severe and life-threatening bacterial infections. It is particularly important against Pseudomonas and Enterococcus specie'),
	(10302,'Meropenem is an intravenously active carbapenem and as such an ultra-broad spectrum, bacteriolytic, β-lactam antibiotic used to treat severe and life-threatening bacterial infections. It is highly active against Enterobacteriaceae. Not against MRSA. Merop'),
	(10303,'Ertapenem is an intravenously active carbapenem and as such an ultra-broad spectrum, bacteriolytic, β-lactam antibiotic used to treat severe and life-threatening bacterial infections. It is used for treatment of ESBL infection. Not against MRSA and Pseudo'),
	(10304,'Metronzidazole is a nitroimidazole antibiotic used against anaerobic bacteria, protoza and amoebes. It is absorbed by susceptible organisms and leads to DNA strand break. It first-line for treatment of Clostridium-difficile infection and is one of the pos'),
	(10305,'Daptomycin is a lipopeptide antibiotic used against systemic and life-threatening infections by Gram-positive bacteria including glycopeptide-resistant Enterococci (GRE) and MRSA. It disrupts bacterial cell membran causing rapid membrane depolarization an'),
	(10306,'Rifampicin is an inhibitor of bacterial DNA-dependent RNA polymerase and as such a bactericidal antibiotic and anti-TB drug. It diffuses in high concentration into tissues (high volume distribution) which is particulary useful for certain tissue infection'),
	(10307,'Ethambutol is a bacteriostatic antimycobacterial drug (anti-TB drug) prescribed to treat tuberculosis. It works by obstructing the formation of cell wall of mycobacteria. For TB it is given at least 2 months.'),
	(10308,'Isoniazid is an organic coumpound that is part of the first-line therapy of tuberculosis. It is a prodrug that is activated inside the bacteria and then inhibits the synthesis of mycobacterial cell wall. For TB it is given at least 6 months.'),
	(10309,'Pyrazinamide is an organic coumpound that is part of the first-line therapy of tuberculosis. It is largely bacteriostatic, but is bacteriocidal on actively replicating mycobacteria. For TB it is given at least 2 months.'),
	(10310,'Ethosuximide is an anticonvulsant mainly used in treatment of absence seizures that is thought to interact with voltage-dependent calcium channels in the CNS, more specifically with so-called T-type Ca2+ channels.'),
	(10311,'Phenytoin is an anticonvulsant drug that interacts with sodium channels in the CNS, leads to their inactivation and thus to reduced frequency of action potentials in hyperexcitabe neurons.  '),
	(10312,'Topiramate is an anticonvulsant drug used in severe epilepsy syndromes and against migraine and cluster headaches. Its exact mechanism of action is unknown.'),
	(10313,'Lamotrigine is an anticonvulsant drug used in the treatment of epilepsy and bipolar disorder. It inhibits voltage-sensitive sodium channels, leading to stabilization of neuronal membranes. '),
	(10314,'Carbamazepine is an anticonvulsant and mood-stabilizing drug used primarily in the treatment of epilepsy and bipolar disorder, as well as trigeminal neuralgia. It stabilizes inactivated states of voltage-dependent calcium channels (VDCC) in the CNS leadin'),
	(10315,'Oxcarbazepine is an anticonvulsant and mood-stabilizing drug, used primarily in the treatment of epilepsy. It has the same mechanism as its parent structure Carbamazepine, stabilizing inactivated states of voltage-dependent calcium channels (VDCC) in the '),
	(10316,'Levetiracetam is an anticonvulsant drug used to treat epilepsy in case of partial seizures, and as adjuctive therapy in case of myoclonic and tonic-clonic seizures. Its exact mechanism of action is unknown.'),
	(10317,'Pregabalin is an anticonvulsant drug used for neuropathic pain and as an adjunct therapy for partial seizures. It interacts with voltage-dependent calcium channels in the CNS and leads to decrease of the release of neurotransmitters including glutamate, n'),
	(10318,'Octreotide is a peptide that mimics the effect of the hormone somatostatin and is thus a potent inhibitor of secretion of growth hormone (GH). It is mainly used against GH production in pituitary tumors.'),
	(10319,'Bupivacaine is a local anesthetic drug used for nerve block, peridural and intrathecal anesthesia. It alters signal conduction in neurons by blocking fast voltage gated sodium channels. Co-administration with Epinephrine prolongs the duration of action; c'),
	(10320,'Ketamine is a drug classified as NMDA receptor antagonist and used for induction (and maintenance) of general anesthesia in combination with a sedative. Its effets include analgesia, anesthesia, elevated blood pressure and bronchodilatation. In intensive '),
	(10321,'Etomidate is a short-acting intravenous anaesthetic agent for induction of general anesthesia and sedation for short surgical procedures. It is a modulator at GABAa receptors. It has a safe cardiovascular risk profile which is why it is the preferred drug'),
	(10322,'Modafinil is a wakefulness-promoting drug used for treatment of narcolepsy and execissive daytime sleepiness (often associated with OSAS). It interacts with the concentration of various neuromodulators including orexin, dopamine, histamine and others.'),
	(10323,'Rocuronium is a non-depolarizing muscle relaxant with rapid onset and medium duration of action. It acts as competitive nicotinic ACh receptor blocker at the postsynaptic neuromuscular junction and is mainly used adjunctively in balanced anesthesia to pro'),
	(10324,'Cisatracurium is a non-depolarizing muscle relaxant with medium onset and medium duration of action. It acts as competitive nicotinic ACh receptor blocker at the postsynaptic neuromuscular junction and is mainly used adjunctively in balanced anesthesia to'),
	(10325,'Vecuronium is a non-depolarizing muscle relaxant. It acts as competitive nicotinic ACh receptor blocker at the postsynaptic neuromuscular junction and is mainly used adjunctively in balanced anesthesia to produce paralysis which facilitates endotracheal i'),
	(10326,'Succinylcholine/Suxamethonium chloride is depolarizing muscle relaxant with rapid onset and short duration of action. It is a nicotinic ACh receptor agonist resulting in persistent depolarization of the motor end plate. It is mainly used in rapid sequence'),
	(10327,'Sugammadex is a cyclodextrin molecule that acts as so-called selective relaxant binding agent (SRBA). It encapsulates Rocuronium and Vecuronium and thus blocks their effects in muscle relaxation. Sugammadex is administered for reversal of neuromuscular bl'),
	(10328,'Dantrolene is a muscle relaxant that depresses excitation-contraction coupling by binding to the ryanodine receptor thus decreasing free intracellular calcium concentration. It is the only specific and effective treatment for malignant hyperthermia (MH).'),
	(10329,'Ropivacaine is a local anesthetic drug used for nerve block, peridural/epidural and intrathecal anesthesia. It alters signal conduction in neurons by blocking fast voltage gated sodium channels. Co-administration with Epinephrine prolongs the duration of '),
	(10330,'Prilocaine is a local anesthetic drug used in dentistry and for dermal anesthesia. It alters signal conduction in neurons by blocking fast voltage gated sodium channels. It is often combined with Lidocaine in dermal anesthesia (EMLA) and is commonly used '),
	(10331,'Mepivacaine is a local anesthetic with rapid onset and medium duration of action. It is used in dentistry. It alters signal conduction in neurons by blocking fast voltage gated sodium channels.'),
	(10332,'Mefloquine is an orally administered analogue of quinine used in prevention and treatment of malaria. It forms toxic complexes with heme molecules in cells that are in the erythrocytic stage of Plasmodium infection and lead to cell lysis. It is effective '),
	(10333,'Primaquine is a medication used in P. vivax and P. ovale malaria and for Pneumocystis pneumonia treatment. It is used to perform so-called \'radical cure\' in which hypnozoites of Plasmodium are removed from the liver to prevent relapse of blood infection. '),
	(10334,'Chloroquine is a derivative of quinolone that has long been used for treatment and prevention of malaria. Tt is less now due to the fact that the parasite Plasmodium falciparum has developed widespread resistance. Chloroquine forms toxic complexes with he'),
	(10335,'Artemisinin is a class of antimalarial drug agents that is active against Plasmodium species during their erythrocytic stage by perturbing redox homeostasis in the parasites (it consists of e.g. Artesunate, Artemether, and other). It is part of the standa'),
	(10336,'Voriconazole is a broad-spectrum triazole antifugal drug that acts by inhibiting the synthesis of ergosterol which is essential for the fungal cell membrane. It is the drug of choice to treat invasive aspergillosis and other life-threatening fungal infect'),
	(10337,'Fluconazole is a narrow-spectrum triazole antifugal drug that acts by inhibiting the synthesis of ergosterol which is essential for the fungal cell membrane. It is used in treatment of superficial and systemic fungal infection such as by Candida spp. It i'),
	(10338,'Itraconazole is a medium-spectrum triazole antifugal drug that acts by inhibiting the synthesis of ergosterol which is essential for the fungal cell membrane. It is used for treatment of serious and life-threatening fungal infections, such as systemic asp'),
	(10339,'Amphotericin B is a polyene antifungal drug thats acts by binding the essential fungal membran protein ergosterol leading to membrane electrolyte leakage and subsequent fungal cell death. Due to increasing resistances in fungii to Amphotericin B, it is mo'),
	(10340,'Bifonazole is an imidazole antifungal drug that acts by inhibiting the synthesis of ergosterol which is essential for the fungal cell membrane. It is used for treatment of various topical fungal infection on skin and nails, such as for example tinea pedis'),
	(10341,'Caspofungin is an echinocandin antifungal drug that acts by disturbing the integrity of the fungal cell wall (it inhibits the 1-3-β-D-glucan synthase which is essential for the fungal cell wall). It is used for treatment of serious and life-threatening fu'),
	(10342,'Terbinafine is an antifugal drug that acts by inhibiting the synthesis of ergosterol which is essential for the fungal cell membrane. It is effective on the dermatophyte group of fungi leading to infections such as tinea cruris, tinea pedis and tinea corp'),
	(10343,'Nystatin is an antifungal drug that is mainly used to treat infections with Candida species. It used for topical and oral application only in case of cutaneous, vaginal mucosal ans esophageal Candida infection. Nystatin binds the membrane protein ergoster'),
	(10344,'Maraviroc is an antiretroviral drug and a CCR5 receptor antagonist. It is classified as so-called entry inhibitor, as it impedes HIV to use CCR5 as co-receptor to enter and infect cells. As HIV may also use other co-receptors to enter a HIV tropism test m'),
	(10345,'Raltegravir is an antiretroviral drug and acts as integrase inhibitor. It thus inhibits the integration of the viral DNA into the host cell\'s DNA. It is always co-administered with other antiretroviral drugs in case of HAART.'),
	(10346,'Lamivudine is a cytidine analog that acts as potent nucleoside reverse transcriptase inhibitor (NRTI) used for treatment of infections with HIV and HBV (hepatitis B). It is always co-administered with other antiretroviral drugs in case of HAART.'),
	(10347,'Ganciclovir is a guanosine analog and antiviral drug that acts as competitive inhibitor in viral DNA synthesis resulting in premature chain termination. It is the drug of choice to treat symptomatic CMV (cytomegalovirus) infections.'),
	(10348,'Aciclovir is a guanosine analog and antiviral drug that acts as competitive inhibitor in viral DNA synthesis resulting in premature chain termination. It is the drug of choice to treat HSV (herpes simplex virus) infection, varicella zoster virus and herpe'),
	(10349,'Boceprovir is a protase inhibitor used in a treatment for hepatitis C  of genotype 1. It is always combined with the standard treatment with Peg-Inf2α and Ribavirin resulting in a triple therapy.'),
	(10350,'Emtricitabine is a cytidine analog that acts as potent nucleoside reverse transcriptase inhibitor (NRTI) used for treatment of HIV infection. It is also active against HBV (hepatitis B virus). It is always co-administered with other antiretroviral drugs i'),
	(10351,'Ribavarin is a guanosine analog that interferes with viral RNA synthesis and viral mRNA capping and acts as a nucleoside inhibitor. It is active against a number of DNA and RNA viruses. It is part of the standard therapy of chronic hepatitis C virus.'),
	(10352,'Tenofovir is a potent nucleoside reverse transcriptase inhibitor (NRTI) used for treatment of HIV infection. It is always co-administered with other antiretroviral drugs in case of HAART.'),
	(10353,'Zidovudine (AZT) is a nucleoside analog reverse-transcriptase inhibitor (NRTI) and was one of the first antiretroviral drugs effective for HIV therapy. It is always co-administered with other antiretroviral drugs in case of HAART.'),
	(10354,'Lopinavir is a antiretroviral drug that acts as protease inhibitor for treatment of HIV infection. It is applied in a fixed-dose combination with another protease inhibitor called Ritonavir. It is always co-administered with other antiretroviral drugs in '),
	(10355,'PEG-Inf α-2a (pegylated interferon α-2a) is an antiviral drug that is used for the treatment of chronic hepatitis C and chronic hepatitis B. It imitates the effect of interferons in the body that activate the immune system to act against cells infected by'),
	(10356,'Ritonavir is a antiretroviral drug that acts as protease inhibitor for treatment of HIV infection. It is often applied with other protease inhibitors as it boosters their effects. It is always co-administered with other antiretroviral drugs in case of HAA'),
	(10357,'Zanamivir is a neuraminidase inhibitor used in treatment and prophylaxis of influenza A virus and influenza B virus infections. '),
	(10358,'Efavirenz is a non-nucleoside reverse transcriptase inhibitor (NNRTI) used for treatment of HIV infection. It is always co-administered with other antiretroviral drugs in case of HAART.'),
	(10359,'Entecavir is a guanosine analog that inhibits reverse transcprition in case of hepatitis B infection.'),
	(10360,'Metamizole is an analgesic and antipyretic drug. The mechanism of action is not clearly understood, however it is thought to interact with serotonine, COX-1, COX-2 and/or opiod metabolism. Caution: Several national medical authorities (also FDA) have with'),
	(10361,'Gabapentin is a GABA analog that interacts with voltage-sensitive calcium channels in cortical neurons. It leads to reduction of the axon excitability.'),
	(10362,'Ibuprofen is a nonsteroidal anti-inflammatory drug (NSAID) used for pain relief, fever reduction and for reducing swelling. It is a non-selective COX inhibitor (COX-1 and COX-2). Ibuprofen has only mild antiplatelet effects.  It may lead to upper gastroin'),
	(10363,'Indometacin is a nonsteroidal anti-inflammatory drug (NSAID) used for pain relief, fever reduction and for reducing swelling. It is a non-selective COX inhibitor (COX-1 and COX-2). It is an effective tocolytic agent able to delay premature labor.  It may '),
	(10364,'Diclofenac is a nonsteroidal anti-inflammatory drug (NSAID) used for pain relief, fever reduction and for reducing swelling. It is a non-selective COX inhibitor (COX-1 and COX-2). It is often also applied topically as creme. Newer findings indicate that D'),
	(10365,'Parecoxib is a IV applied nonsteroidal anti-inflammatory drug (NSAID) used for perioperative pain control. It is a selective COX-2 inhibitor. It is contraindicated in patients with cardiovascular condition and has stronger GI adverse effects compared to n'),
	(10366,'Celecoxib is a nonsteroidal anti-inflammatory drug (NSAID) used for pain relief, fever reduction and for reducing swelling. It is a selective COX-2 inhibitor. It is contraindicated in patients with cardiovascular condition. It has no effect on platelet fu'),
	(10367,'Acetaminophen/Paracetamol is an over-the-counter analgesic and antipyretic drug with only weak anti-inflammatory activity.  It is a WHO class I analgesic. Paracetamol is hepatotoxic and can lead to fatal liver damage in case of overdosis (limit dose 4g/d)'),
	(10368,'Buprenorphine is a potent opioid analgesic drug that predominantly binds to the μ-opioid receptor present in the CNS acts as μ-opioid receptor agonist. It can be applied in transdermal and sublingual form and can thus be used in individuals that do not to'),
	(10369,'Sufentanil is a very potent opioid analgesic drug that predominantly binds to the μ-opioid receptor present in the CNS and acts as μ-opioid receptor agonist. It also binds to other opioid receptors resulting in some common adverse effects such as respirat'),
	(10370,'Morphine is a potent opioid analgesic drug that predominantly binds to the μ-opioid receptor present in the CNS and acts as μ-opioid receptor agonist. It also binds to other opioid receptors resulting in some common adverse effects such as constipation, n'),
	(10371,'Fentanyl is a very potent opioid analgesic drug that predominantly binds to the μ-opioid receptor present in the CNS and acts as μ-opioid receptor agonist. It also binds to other opioid receptors resulting in some common adverse effects such as constipati'),
	(10372,'Naltrexone is an opioid drug that acts as μ-opioid receptor (and κ-opioid receptor) antagonist in the CNS. It is primarily used in the management of alcohol dependence and opioid dependence. Naltrexone should not be confused with Naloxone. '),
	(10373,'Tramadol is a medium-potency opioid analgesic drug mainly characterized as μ-opioid receptor agonist although it also acts as serotonin releasing agent, norepinephrine reuptake inhibitor and NMDA receptor antagonist. It is used to treat moderate to severe'),
	(10374,'Oxycodone is a potent opioid analgesic drug that predominantly binds to the μ-opioid receptor present in the CNS and acts as μ-opioid receptor agonist. It also binds to other opioid receptors resulting in some common adverse effects such as constipation, '),
	(10375,'Methadone is a μ-opioid receptor agonist and NMDA receptor antagonist that is used in reductive therapy and maintenance therapy for patients with opioid dependence. It stabilises patients with opioid withdrawal snydorme.'),
	(10376,'Codeine is an opioid drug with only mild analgesic but strong antitussive effect. '),
	(10377,'Remifentanil is a very potent and ultra-short acting opioid analgesic drug that predominantly binds to the μ-opioid receptor present in the CNS and acts as μ-opioid receptor agonist. It also binds to other opioid receptors resulting in some common adverse'),
	(10378,'Piritramide is an opioid analgesic drug that predominantly binds to the μ-opioid receptor present in the CNS and acts as μ-opioid receptor agonist. It is a WHO class III analgesic and its opioid potency is 0,7. It is commonly used for treatment of postope'),
	(10379,'Tilidine is a medium-potency opioid analgesic drug that predominantly binds to the μ-opioid receptor present in the CNS and acts as μ-opioid receptor agonist. It is used for treatment of moderate to severe pain chronic pain. Tilidine can be applied orally'),
	(10380,'Naproxen is a nonsteroidal anti-inflammatory drug (NSAID) used for pain relief, fever reduction and for reducing swelling. It is a non-selective COX inhibitor (COX-1 and COX-2). It has the best cardiovascular risk profile of all NSAIDs and may therefore b'),
	(10381,'Rivastigmine is a centrally acting acetylcholinesterase and buyrylcholinesterase inhibitor used in treatment of mild to moderate dementia related with Alzheimer\'s disease and Parkinson\'s disease.'),
	(10382,'Memantine is an non-competitive NMDA receptor antagonist which inhibits prolonged influx of calcium and thus reduces neuronal excitotoxicity. It preserves the function of the receptor that can still be activated by glutamate. Memantine belongs to a novel '),
	(10383,'Methimazole is an antithyroid drug that is used to treat hyperthyroidism. It acts by inhibiting the enzyme thyroperoxidase (TPO). One dangerous adverse effect is agranulocytosis. '),
	(10384,'Daclizumab is a humanized monoclonal antibody against CD25 which is a subunit of the IL-2 receptor on T cells.'),
	(10385,'Ciclosporin (Cyclosporine A, CsA) is an immunosuppressant drug mainly used in organ transplantation to prevent transplant rejection. It inhibits the effect of calcineurin which leads to decreased activity of the transpriction factor NFAT (nuclear factor o'),
	(10386,'Clomifene is a selective estrogen receptor modulator (SERM) that increases production of gonadotropins (LH, FSH) by blocking the estrogen receptors in the hypothalamus and thus blocking the negative feedback of estrogen. It is applied in the early menstru'),
	(10387,'Mifepristone is a steroid with antiprogesterone and antiglucocorticoid properties. It is a progesterone receptor antagonist used as an abortifacient in the first months of pregnancy and in smaller doses as an emergency contraceptive. Mifepristone is also '),
	(10388,'Everolimus is a mTOR (mammalian target of rapamycin) inhibitor that is used as an immunosuppressant to prevent rejection of organ transplants. It is also applied in treatment of renal cell cancer (RCC) and other cancer types.'),
	(10389,'Leflunomide is a disease-modifying antirheumatic drug (DMARD) used in active  rheumatoid arthritis and psoriatic arthritis. It acts as dihydroorotate dehydrogenase (DHODH) inhibitor which is an enzyme involved in de-novo synthesis of pyrimidine. This prev'),
	(10390,'Mesalazine (5-ASA) is an anti-inflammatory drug used to treat inflammatory bowel disease (IBD). It is a derivative of salicylic acid that accumulates in the gut and is thought to trap free radicals in inflammed tissue thus reducing their damaging effects '),
	(10391,'Infliximab is a chimeric monoclonal antibody against tumour necrosis factor alpha (TNF-α) used to treat autoimmune diseases.'),
	(10392,'Basiliximab is a chimeric monoclonal antibody against CD25 which is a subunit of the IL-2 receptor on T cells.'),
	(10393,'Phenobarbital is a long-acting barbiturate and the most widely used anticonvulsant worldwide. It is recommended as first-line treatment for generalized toni-clonic seizures in developping countries. Barbiturates such as Phenobarbital prolong and potentiat'),
	(10394,'Metformin is an oral antibiabetic drug of the biguanide class and recommended for first-line treatment of type 2 diabetes mellitus (T2DM) (especially in overweight and obese people) with normal kidney function. It primarily acts by suppressing gluconeogen'),
	(10395,'Insulin aspart/Novolog® is a fast-acting subcutaneously applied insulin analog for treatment and control of diabetes mellitus. It is used for postprandial glucose control. Onset is 15min, peak is 45-90min, duration is 3-5h. '),
	(10396,'Insulin lispro/Humalog® is a fast-acting subcutaneously applied insulin analog for treatment and control of diabetes mellitus. It is used for postprandial glucose control. Onset is 15min, peak is 30-90min, duration is 3-5h.'),
	(10397,'Insulin glulisine/Apidra® is a fast-acting subcutaneously applied insulin analog for treatment and control of diabetes mellitus. It is used for postprandial glucose control. Onset is 15min, peak is 30-90min, duration is 3-5h.'),
	(10398,'Insulin detemir/Levemir® is a long-acting subcutaneously applied insulin analog for treatment and control of diabetes mellitus. It is used for maintaining basal level of insulin. Onset is 3-4h, peak is 3-9h (\"peakless\"), duration is up to 24h.'),
	(10399,'Insulin glargine/Lantus® is a long-acting subcutaneously applied insulin analog for treatment and control of diabetes mellitus. It is used for maintaining basal level of insulin. Onset is 3-4h, peak is 3-9h (\"peakless\"), duration is up to 24h.'),
	(10400,'Insulin degludec/Tresiba® is a ultralong-acting subcutaneously applied insulin analog for treatment and control of diabetes mellitus. It is used for maintaining basal level of insulin. Onset is 1-4h, peak is 3-12h (\"peakless\"), duration is up to 40h.'),
	(10401,'NPH insulin is an intermediate-acting subcutaneously applied insulin analog for treatment and control of diabetes mellitus. Onset is 1-4h, peak is 6-10h, duration is 10-16h. '),
	(10402,'Pioglitazone is an oral antidiabetic drug that decreases glucose blood level by selectively stimulating the nuclear receptor PPAR-γ (peroxisome proliferator-activated receptor gamma). This modulates the transcription of genes involved in the control of gl'),
	(10403,'Glibenclamide is an oral antidiabetic drug of the sulfonylurea class that inhibits ATP-sensitive potassium channels in pancreatic beta cells. This leads to cell depolarization, calcium influx and subsequent increased insulin release. Glibenclamide is asso'),
	(10404,'Glimepiride is an oral antidiabetic drug of the sulfonylurea class that inhibits ATP-sensitive potassium channels in pancreatic beta cells. This leads to cell depolarization, calcium influx and subsequent increased insulin release. Glimepiride is associat'),
	(10405,'Exenatide is an incretin mimetic that acts as GLP-1 agonist (glucagon-like peptide 1) with longer half-life. It enhances glucose-dependent insulin secretion by pancreatic beta cells and suppresses inappropriately elevated glucagon secretion. It is applied'),
	(10406,'Acarbose is a antidiabetic drug that acts as inhibitor of α-glucosidase and pancreatic α-amylase in the brush border of the small intestines. This reduces their ability to hydrolyze and digest carbohydrates and oligosaccharides and leads to reduced absorp'),
	(10407,'Repaglinide is an oral antidiabetic drug that inhibits ATP-sensitive potassium channels in pancreatic beta cells. This leads to cell depolarization, calcium influx and subsequent increased insulin release.'),
	(10408,'Methylphenidate is a psychostimulant drug used for treatment of attention-deficit hyperactivity disorder (ADHD). Pharmacologically it is a Norepinephrine/Noradrenaline and dopamine reuptake inhibitor and also has some other effects on neuromodulators.'),
	(10409,'Butylscopolamine is a peripherally acting muscarinic ACh receptor inhibitor. It is used as antispasmodic drug for abdominal cramps and menstrual cramps. It is not FDA approved at the moment.'),
	(10410,'Pyridostigmine is a reversible acetylcholinesterase inhibitor and parasypathomimetic drug. It is a quarternary amine that does not cross the blood-brain barrier and has no effect in the CNS. It ise used to terat muscle weakness in patients with myasthenia'),
	(10411,'Methylpredisolone is an immunosuppressant and is a synthetic glucocorticoid that binds to the intracellular GR (glucocorticoid receptor). It is used to treat a variety of inflammatory and auto-immune conditions. Treat as short as possible, topical applica'),
	(10412,'Natalizumab is a humanized monoclonal antibody against the cell adhesion molecule α4-integrin which inhibits immune cells to attach to and to pass through the intestine cell layer and the blood-brain barrier. It is used in treatment of multiple sclerosis '),
	(10413,'Fingolimod is an immunomodulating drug used in the treatment of multiple sclerosis (MS) as it reduces rate of relapsis. It acts as sphingosine-1-phosphate receptor modulator which sequesters lymphocytes in lymph nodes preventing them to move to the CNS fo'),
	(10414,'Dimercaprol is a organic chemical compound that is used in acute toxic metal poisoning such as arsenic, mercury, gold, lead, antimony and others. It chelates the metal with its thiol groups and the Dimercaprol - metal complex is then excreted in the urine'),
	(10415,'Deferoxamine is a bacterial siderophore that acts as chelating agent (binding free iron in the blood) used to remove excess iron from the body in case of iron poisoning.'),
	(10416,'Fomepizole is an organic chemical compound that is used as antidote in confirmed or suspected methanol or ethylene glycol poisoning. It can be applied alone or in combination with hemodialysis. It is a competitive inhibitor of alcohol dehydrogenase that c'),
	(10417,'Prussian blue is an inorganic chemical compound that is used in medicine as antidote for some heavy metal poisoning such as caesium and thallium. '),
	(10418,'Biperiden is an antiparkinsonian agent of the anticholinergic type and thus has an inhibiting effect on various muscarinic ACh receptors. Biperiden has an atropine-like blocking effect on peripheral structures which are parasympathetic-innervated (e.g. ca'),
	(10419,'Roxithromycin is an orally active macrolide antibiotic that inhibits bacterial protein synthesis by binding the 50S ribosome subunit thus blocking further translation of mRNA. Spectrum of action: '),
	(10420,'Amlodipine is a long-acting calcium channel blocker of the dihydropyridine (DHP) class used as antihypertensive. It acts by relaxing smooth muscle in the arterial wall which leads to decreased total peripheral resistance (TPR) and thus reduced blood press'),
	(10421,'Raloxifene is an oral selective estrogen receptor modulator (SERM) which is used in prevention of osteoporosis in postmenopausal women. It mimics estrogen effects and acts as agonist in some tissues (bone) and has anti-estrogen effects and acts as antagon'),
	(10422,'Oseltamivir is an antiviral drug that acts as neuraminidase inhibitor. It is active against influenza A and influenza B virus. It it also recommended for treatment of H1N1 flu which is why many countries ordered large amount of Oseltamivir to augment thei'),
	(10423,'Mycophenolic acid is an immunosuppressant drug used to prevent organ transplant rejection. It inhibits inosine monophsphate dehydrogenase which controls the de-novo synthesis of purine bases in lymphocytes. This prevents the expansion of activated lymphoc'),
	(10424,'Aminocaproic acid is a lysine derivative and as such an antifibrinolytic drug that acts by competitively binding to plasminogen thus inhibiting its conversion into plasmin. It also binds competitively to plasmin itself.'),
	(10425,'Methocarbamol is a central muscle relaxant used to treat skeletal muscle spasms. '),
	(10426,'Pimozide is an antipsychotic drug indicated in the treatment of Tourette syndrome and resistant tics. It may also be used for schizophrenia and chronic psychosis. It has high affinity for the dopamine D2 receptor where it acts as antagonist but is relativ'),
	(10427,'Ticagrelor is a P2Y12 receptor blocker (ADP receptor) and thus acts as potent platelet aggregation inhibitor. It acts as allosteric reversible antagonist and does not need hepatic activation.'),
	(10428,'Baclofen is a derivative of GABA thats acts as GABAb receptor agonist in the CNS. It acts as muscle relaxant and may also be effective in the treatment of alcohol dependence.'),
	(10429,'Hydralazine is an agonist of gated potassium channels on vascular smooth muscles which leads to hyperpolarization and thus acts as vasodilator in arteries and arterioles. It triggers baroreceptor reflex and is therefore not considered first-line therapy o'),
	(10430,'Obinutuzumab is a humanized monoclonal antibody against CD20 and used in treatment of lymphoma. It leads to death of B cells and thus acts as immunomodulator.'),
	(10431,'Ambrisentan is an endothelin receptor (ET) antagonist used in the treatment of pulmonary arterial hypertension (PAH).'),
	(10432,'Nimodipine is a calcium channel blocker of the dihydropyridine type. It is mainly used to prevent vasospasm and resultant ischemia after SAH (subarachnoid hemorrhage).'),
	(10433,'Quinidine is a class Ia antiarrhythmic agent. It mainly works by inhibiting fast inward Na channels in the heart. Its effect is a dependent block, meaning that at higher heart rates, the block increases, while at lower heart rates, the block decreases.'),
	(10434,'Anidulafungin is an antifungal drug of the echinocandin class. It inhibits the (1->3)-β-D-glucan synthase which is an important enzyme for the synthesis of the fungal cell wall. It is used for treatment of serious fungal infections especially with Candida'),
	(10435,'Levosimendan is a calcium sensitiser used in the management of acute decompensated congestive heart failure (CHF). It increases cardiac contractility by binding to cardiac troponin C in a calcium-dependent manner. It also leads to opening of ATP sensitive'),
	(10436,'Isoprenaline is a non-selective β receptor agonist structurally simillar to Epinephrine/Adrenaline.'),
	(10437,'Apixaban is a direct factor Xa inhibitor that is used as anticoagulant drug for the prevention of venous thromboembolic events.'),
	(10438,'Milrinone is a PDE-3 inhibitor which is used in therapy of heart failure as it increases the heart\'s contractility (inotropic). It also leads to vasodilation in vessels which reduces the afterload on the heart. '),
	(10439,'Fulvestrant is an estrogen receptor (ER) antagonist with no agonist effects which is used in treatment of hormone receptor-positive metastatic breast cancer in postmenopausal women with disease progression following anti-estrogen therapy (often Tamsulosin'),
	(10440,'Atosiban is an oxytocin antagonist which is used as an IV medication in labour to halt premature labor (tocolytic).');

/*!40000 ALTER TABLE `drug` ENABLE KEYS */;
UNLOCK TABLES;


# Dump of table indication
# ------------------------------------------------------------

DROP TABLE IF EXISTS `indication`;

CREATE TABLE `indication` (
  `id` int(11) NOT NULL,
  PRIMARY KEY (`id`),
  CONSTRAINT `FK_D15065D7BF396750` FOREIGN KEY (`id`) REFERENCES `answer` (`id`) ON DELETE CASCADE
) ENGINE=InnoDB DEFAULT CHARSET=utf8 COLLATE=utf8_unicode_ci;

LOCK TABLES `indication` WRITE;
/*!40000 ALTER TABLE `indication` DISABLE KEYS */;

INSERT INTO `indication` (`id`)
VALUES
	(30000),
	(30001),
	(30002),
	(30003),
	(30004),
	(30005),
	(30006),
	(30007),
	(30008),
	(30009),
	(30010),
	(30011),
	(30012),
	(30013),
	(30014),
	(30015),
	(30016),
	(30017),
	(30018),
	(30019),
	(30020),
	(30021),
	(30022),
	(30023),
	(30024),
	(30025),
	(30026),
	(30027),
	(30028),
	(30029),
	(30030),
	(30031),
	(30032),
	(30033),
	(30034),
	(30035),
	(30036),
	(30037),
	(30038),
	(30039),
	(30040),
	(30041),
	(30042),
	(30043);

/*!40000 ALTER TABLE `indication` ENABLE KEYS */;
UNLOCK TABLES;


# Dump of table map_drugs_advereeffects
# ------------------------------------------------------------

DROP TABLE IF EXISTS `map_drugs_advereeffects`;

CREATE TABLE `map_drugs_advereeffects` (
  `advere_effect_id` int(11) NOT NULL,
  `drug_id` int(11) NOT NULL,
  PRIMARY KEY (`advere_effect_id`,`drug_id`),
  KEY `IDX_C99B848ACB23C` (`advere_effect_id`),
  KEY `IDX_C99B848AABCA765` (`drug_id`),
  CONSTRAINT `FK_C99B848AABCA765` FOREIGN KEY (`drug_id`) REFERENCES `drug` (`id`) ON DELETE CASCADE,
  CONSTRAINT `FK_C99B848ACB23C` FOREIGN KEY (`advere_effect_id`) REFERENCES `advere_effect` (`id`) ON DELETE CASCADE
) ENGINE=InnoDB DEFAULT CHARSET=utf8 COLLATE=utf8_unicode_ci;



# Dump of table map_drugs_contraindications
# ------------------------------------------------------------

DROP TABLE IF EXISTS `map_drugs_contraindications`;

CREATE TABLE `map_drugs_contraindications` (
  `contra_indication_id` int(11) NOT NULL,
  `drug_id` int(11) NOT NULL,
  PRIMARY KEY (`contra_indication_id`,`drug_id`),
  KEY `IDX_56538130EBF0017` (`contra_indication_id`),
  KEY `IDX_56538130AABCA765` (`drug_id`),
  CONSTRAINT `FK_56538130AABCA765` FOREIGN KEY (`drug_id`) REFERENCES `drug` (`id`) ON DELETE CASCADE,
  CONSTRAINT `FK_56538130EBF0017` FOREIGN KEY (`contra_indication_id`) REFERENCES `contra_indication` (`id`) ON DELETE CASCADE
) ENGINE=InnoDB DEFAULT CHARSET=utf8 COLLATE=utf8_unicode_ci;



# Dump of table map_drugs_indications
# ------------------------------------------------------------

DROP TABLE IF EXISTS `map_drugs_indications`;

CREATE TABLE `map_drugs_indications` (
  `indication_id` int(11) NOT NULL,
  `drug_id` int(11) NOT NULL,
  PRIMARY KEY (`indication_id`,`drug_id`),
  KEY `IDX_7FDEDA3B9D662842` (`indication_id`),
  KEY `IDX_7FDEDA3BAABCA765` (`drug_id`),
  CONSTRAINT `FK_7FDEDA3B9D662842` FOREIGN KEY (`indication_id`) REFERENCES `indication` (`id`) ON DELETE CASCADE,
  CONSTRAINT `FK_7FDEDA3BAABCA765` FOREIGN KEY (`drug_id`) REFERENCES `drug` (`id`) ON DELETE CASCADE
) ENGINE=InnoDB DEFAULT CHARSET=utf8 COLLATE=utf8_unicode_ci;



# Dump of table map_drugs_targets
# ------------------------------------------------------------

DROP TABLE IF EXISTS `map_drugs_targets`;

CREATE TABLE `map_drugs_targets` (
  `target_id` int(11) NOT NULL,
  `drug_id` int(11) NOT NULL,
  PRIMARY KEY (`target_id`,`drug_id`),
  KEY `IDX_852C2D7C158E0B66` (`target_id`),
  KEY `IDX_852C2D7CAABCA765` (`drug_id`),
  CONSTRAINT `FK_852C2D7C158E0B66` FOREIGN KEY (`target_id`) REFERENCES `target` (`id`) ON DELETE CASCADE,
  CONSTRAINT `FK_852C2D7CAABCA765` FOREIGN KEY (`drug_id`) REFERENCES `drug` (`id`) ON DELETE CASCADE
) ENGINE=InnoDB DEFAULT CHARSET=utf8 COLLATE=utf8_unicode_ci;



# Dump of table map_questions_answers
# ------------------------------------------------------------

DROP TABLE IF EXISTS `map_questions_answers`;

CREATE TABLE `map_questions_answers` (
  `question_id` int(11) NOT NULL,
  `answer_id` int(11) NOT NULL,
  PRIMARY KEY (`answer_id`,`question_id`),
  KEY `IDX_30BAD6F1AA334807` (`answer_id`),
  KEY `IDX_30BAD6F11E27F6BF` (`question_id`),
  CONSTRAINT `FK_30BAD6F11E27F6BF` FOREIGN KEY (`question_id`) REFERENCES `question` (`id`) ON DELETE CASCADE,
  CONSTRAINT `FK_30BAD6F1AA334807` FOREIGN KEY (`answer_id`) REFERENCES `answer` (`id`) ON DELETE CASCADE
) ENGINE=InnoDB DEFAULT CHARSET=utf8 COLLATE=utf8_unicode_ci;

LOCK TABLES `map_questions_answers` WRITE;
/*!40000 ALTER TABLE `map_questions_answers` DISABLE KEYS */;

INSERT INTO `map_questions_answers` (`question_id`, `answer_id`)
VALUES
	(3,10000),
	(6,10000),
	(179,10000),
	(275,10000),
	(305,10000),
	(1,10001),
	(6,10001),
	(19,10001),
	(371,10001),
	(397,10001),
	(1,10002),
	(5,10002),
	(14,10002),
	(99,10002),
	(162,10002),
	(289,10002),
	(586,10002),
	(1,10003),
	(5,10003),
	(14,10003),
	(22,10003),
	(165,10003),
	(184,10003),
	(278,10003),
	(304,10003),
	(318,10003),
	(346,10003),
	(1,10004),
	(11,10004),
	(20,10004),
	(73,10004),
	(300,10004),
	(304,10004),
	(353,10004),
	(4,10005),
	(11,10005),
	(275,10005),
	(306,10005),
	(314,10005),
	(320,10005),
	(565,10005),
	(20,10006),
	(275,10006),
	(14,10007),
	(22,10007),
	(26,10007),
	(275,10007),
	(300,10007),
	(305,10007),
	(420,10007),
	(3,10008),
	(5,10008),
	(289,10008),
	(451,10008),
	(3,10009),
	(5,10009),
	(11,10009),
	(291,10009),
	(306,10009),
	(326,10009),
	(3,10010),
	(4,10010),
	(25,10010),
	(47,10010),
	(586,10010),
	(4,10011),
	(14,10011),
	(16,10011),
	(20,10011),
	(28,10011),
	(4,10012),
	(17,10012),
	(25,10012),
	(563,10012),
	(586,10012),
	(6,10013),
	(16,10013),
	(20,10013),
	(162,10013),
	(289,10013),
	(379,10013),
	(6,10014),
	(19,10014),
	(22,10014),
	(26,10014),
	(28,10014),
	(322,10014),
	(565,10014),
	(11,10015),
	(16,10015),
	(17,10015),
	(19,10015),
	(25,10015),
	(565,10015),
	(16,10016),
	(17,10016),
	(395,10016),
	(418,10016),
	(429,10016),
	(563,10016),
	(22,10017),
	(593,10017),
	(25,10018),
	(280,10019),
	(306,10019),
	(309,10019),
	(326,10019),
	(26,10020),
	(28,10020),
	(305,10020),
	(306,10020),
	(308,10020),
	(309,10020),
	(316,10020),
	(322,10020),
	(326,10020),
	(29,10021),
	(31,10021),
	(34,10021),
	(36,10021),
	(41,10021),
	(46,10021),
	(100,10021),
	(380,10021),
	(468,10021),
	(29,10022),
	(33,10022),
	(37,10022),
	(41,10022),
	(81,10022),
	(29,10024),
	(348,10024),
	(30,10025),
	(34,10025),
	(37,10025),
	(39,10025),
	(389,10025),
	(468,10025),
	(473,10025),
	(29,10026),
	(87,10026),
	(93,10026),
	(38,10027),
	(41,10027),
	(37,10028),
	(40,10028),
	(30,10029),
	(40,10029),
	(43,10029),
	(30,10030),
	(31,10030),
	(33,10030),
	(47,10030),
	(380,10030),
	(468,10030),
	(595,10030),
	(30,10031),
	(34,10031),
	(40,10031),
	(72,10031),
	(74,10031),
	(99,10031),
	(46,10032),
	(81,10032),
	(325,10032),
	(31,10033),
	(33,10033),
	(37,10033),
	(39,10033),
	(45,10033),
	(52,10033),
	(136,10033),
	(158,10033),
	(421,10033),
	(425,10033),
	(447,10033),
	(565,10033),
	(576,10033),
	(33,10034),
	(45,10034),
	(34,10035),
	(40,10035),
	(81,10035),
	(92,10035),
	(371,10035),
	(45,10036),
	(47,10036),
	(48,10036),
	(49,10036),
	(50,10036),
	(73,10036),
	(87,10036),
	(90,10036),
	(100,10036),
	(101,10036),
	(482,10036),
	(51,10037),
	(95,10037),
	(96,10037),
	(390,10037),
	(548,10037),
	(566,10037),
	(71,10038),
	(72,10038),
	(83,10038),
	(84,10038),
	(88,10038),
	(76,10039),
	(83,10039),
	(90,10039),
	(559,10039),
	(52,10040),
	(76,10040),
	(84,10040),
	(76,10041),
	(71,10042),
	(31,10043),
	(45,10043),
	(48,10043),
	(52,10043),
	(62,10043),
	(74,10043),
	(41,10044),
	(49,10044),
	(53,10044),
	(59,10044),
	(98,10044),
	(102,10044),
	(109,10044),
	(130,10044),
	(158,10044),
	(52,10045),
	(64,10045),
	(70,10045),
	(423,10045),
	(36,10046),
	(53,10046),
	(66,10046),
	(53,10047),
	(387,10047),
	(83,10048),
	(66,10049),
	(84,10049),
	(403,10049),
	(430,10049),
	(43,10050),
	(46,10050),
	(53,10050),
	(73,10050),
	(163,10050),
	(64,10051),
	(71,10051),
	(81,10051),
	(88,10051),
	(361,10051),
	(56,10052),
	(74,10052),
	(84,10052),
	(95,10052),
	(174,10053),
	(423,10053),
	(595,10054),
	(56,10055),
	(158,10055),
	(175,10055),
	(179,10055),
	(460,10055),
	(146,10056),
	(158,10056),
	(160,10056),
	(162,10056),
	(174,10056),
	(74,10057),
	(126,10057),
	(159,10057),
	(169,10057),
	(155,10058),
	(159,10058),
	(172,10058),
	(589,10058),
	(124,10059),
	(160,10059),
	(169,10059),
	(174,10059),
	(175,10059),
	(195,10059),
	(274,10059),
	(499,10059),
	(510,10059),
	(549,10059),
	(97,10060),
	(160,10060),
	(163,10060),
	(174,10060),
	(180,10060),
	(348,10060),
	(72,10061),
	(160,10061),
	(169,10061),
	(171,10061),
	(172,10061),
	(175,10061),
	(483,10061),
	(162,10062),
	(165,10062),
	(182,10062),
	(401,10062),
	(50,10063),
	(144,10063),
	(163,10063),
	(171,10063),
	(257,10063),
	(274,10063),
	(441,10063),
	(455,10063),
	(480,10063),
	(521,10063),
	(524,10063),
	(525,10063),
	(527,10063),
	(529,10063),
	(533,10063),
	(554,10063),
	(163,10065),
	(165,10065),
	(169,10065),
	(172,10065),
	(175,10065),
	(181,10065),
	(183,10065),
	(195,10065),
	(172,10066),
	(190,10066),
	(273,10066),
	(408,10066),
	(186,10067),
	(190,10067),
	(192,10067),
	(194,10067),
	(186,10068),
	(188,10068),
	(197,10068),
	(200,10068),
	(186,10069),
	(194,10069),
	(195,10069),
	(186,10070),
	(191,10070),
	(199,10070),
	(200,10070),
	(188,10071),
	(189,10071),
	(199,10071),
	(256,10071),
	(373,10071),
	(554,10071),
	(578,10071),
	(595,10071),
	(184,10072),
	(190,10072),
	(194,10072),
	(341,10072),
	(373,10072),
	(387,10072),
	(97,10073),
	(109,10073),
	(184,10073),
	(188,10073),
	(191,10073),
	(194,10073),
	(197,10073),
	(373,10073),
	(48,10074),
	(64,10074),
	(188,10074),
	(195,10074),
	(197,10074),
	(199,10074),
	(369,10074),
	(490,10074),
	(588,10074),
	(93,10075),
	(101,10075),
	(190,10075),
	(192,10075),
	(199,10075),
	(200,10075),
	(373,10075),
	(426,10075),
	(481,10075),
	(497,10075),
	(180,10076),
	(191,10076),
	(192,10077),
	(197,10077),
	(288,10077),
	(192,10078),
	(200,10078),
	(203,10078),
	(426,10078),
	(429,10078),
	(156,10080),
	(226,10080),
	(155,10081),
	(191,10081),
	(224,10081),
	(227,10081),
	(274,10081),
	(225,10082),
	(240,10082),
	(256,10082),
	(214,10083),
	(226,10083),
	(451,10083),
	(223,10084),
	(221,10085),
	(352,10085),
	(224,10086),
	(232,10086),
	(234,10086),
	(254,10086),
	(225,10087),
	(232,10087),
	(238,10087),
	(530,10087),
	(560,10087),
	(39,10088),
	(232,10088),
	(411,10088),
	(425,10088),
	(452,10088),
	(453,10088),
	(564,10088),
	(99,10089),
	(205,10089),
	(224,10089),
	(240,10089),
	(242,10089),
	(248,10089),
	(263,10089),
	(205,10090),
	(205,10091),
	(214,10091),
	(205,10092),
	(226,10092),
	(341,10092),
	(223,10093),
	(228,10093),
	(233,10093),
	(238,10093),
	(240,10093),
	(254,10093),
	(256,10093),
	(262,10093),
	(264,10093),
	(268,10093),
	(203,10094),
	(233,10094),
	(448,10094),
	(189,10095),
	(212,10095),
	(214,10095),
	(216,10095),
	(229,10095),
	(267,10095),
	(332,10095),
	(215,10096),
	(215,10097),
	(430,10097),
	(216,10098),
	(224,10098),
	(227,10098),
	(229,10098),
	(423,10098),
	(212,10099),
	(215,10099),
	(225,10099),
	(228,10099),
	(229,10099),
	(238,10099),
	(249,10099),
	(260,10099),
	(272,10099),
	(380,10099),
	(407,10099),
	(421,10099),
	(430,10099),
	(441,10099),
	(212,10100),
	(245,10100),
	(256,10100),
	(266,10100),
	(287,10100),
	(117,10101),
	(212,10101),
	(216,10101),
	(223,10101),
	(229,10101),
	(233,10101),
	(248,10101),
	(260,10101),
	(364,10101),
	(407,10101),
	(203,10102),
	(215,10102),
	(216,10102),
	(242,10102),
	(93,10103),
	(221,10103),
	(227,10103),
	(248,10103),
	(264,10103),
	(267,10103),
	(269,10103),
	(364,10103),
	(592,10103),
	(189,10104),
	(214,10104),
	(221,10104),
	(227,10104),
	(233,10104),
	(240,10104),
	(242,10104),
	(249,10104),
	(262,10104),
	(266,10104),
	(361,10104),
	(367,10104),
	(36,10105),
	(221,10105),
	(225,10105),
	(226,10105),
	(320,10105),
	(460,10105),
	(583,10105),
	(245,10106),
	(273,10106),
	(339,10106),
	(352,10106),
	(455,10106),
	(548,10106),
	(203,10107),
	(245,10107),
	(266,10107),
	(450,10107),
	(238,10108),
	(245,10108),
	(249,10108),
	(367,10108),
	(38,10109),
	(232,10109),
	(234,10109),
	(248,10109),
	(447,10109),
	(223,10110),
	(249,10110),
	(67,10111),
	(331,10111),
	(334,10111),
	(348,10111),
	(372,10111),
	(244,10112),
	(293,10113),
	(278,10114),
	(283,10114),
	(179,10115),
	(290,10115),
	(300,10115),
	(299,10116),
	(310,10116),
	(285,10117),
	(299,10117),
	(301,10117),
	(291,10118),
	(297,10118),
	(593,10118),
	(284,10119),
	(304,10119),
	(309,10119),
	(283,10120),
	(292,10120),
	(281,10121),
	(303,10121),
	(97,10122),
	(299,10122),
	(303,10123),
	(368,10123),
	(302,10124),
	(303,10124),
	(294,10125),
	(323,10125),
	(561,10125),
	(568,10125),
	(294,10126),
	(561,10126),
	(311,10127),
	(283,10128),
	(583,10128),
	(290,10129),
	(296,10129),
	(302,10129),
	(308,10129),
	(342,10129),
	(404,10129),
	(284,10130),
	(286,10130),
	(447,10130),
	(285,10131),
	(286,10131),
	(294,10131),
	(297,10131),
	(314,10131),
	(377,10131),
	(292,10132),
	(277,10133),
	(283,10133),
	(284,10133),
	(228,10134),
	(301,10134),
	(257,10135),
	(290,10135),
	(301,10135),
	(292,10136),
	(284,10137),
	(383,10137),
	(418,10137),
	(285,10138),
	(278,10139),
	(301,10139),
	(287,10140),
	(287,10141),
	(288,10142),
	(539,10143),
	(553,10143),
	(555,10143),
	(553,10144),
	(556,10144),
	(557,10144),
	(587,10144),
	(257,10145),
	(277,10145),
	(297,10145),
	(395,10146),
	(557,10146),
	(183,10147),
	(391,10147),
	(394,10147),
	(86,10148),
	(98,10148),
	(181,10148),
	(182,10148),
	(280,10148),
	(299,10148),
	(394,10148),
	(439,10148),
	(527,10148),
	(51,10149),
	(107,10149),
	(124,10149),
	(154,10149),
	(181,10149),
	(183,10149),
	(341,10149),
	(394,10149),
	(17,10150),
	(289,10150),
	(281,10151),
	(303,10151),
	(318,10151),
	(434,10151),
	(281,10152),
	(316,10152),
	(323,10152),
	(397,10152),
	(278,10153),
	(293,10153),
	(304,10153),
	(313,10153),
	(316,10153),
	(320,10153),
	(286,10154),
	(293,10154),
	(310,10154),
	(322,10154),
	(324,10154),
	(310,10155),
	(324,10155),
	(476,10156),
	(477,10156),
	(478,10156),
	(491,10156),
	(519,10156),
	(296,10157),
	(323,10157),
	(324,10157),
	(325,10158),
	(598,10158),
	(280,10160),
	(314,10160),
	(325,10160),
	(326,10162),
	(271,10163),
	(280,10163),
	(320,10163),
	(228,10164),
	(277,10164),
	(287,10164),
	(291,10164),
	(296,10164),
	(302,10164),
	(310,10164),
	(318,10164),
	(332,10164),
	(361,10164),
	(313,10165),
	(598,10165),
	(43,10166),
	(59,10166),
	(66,10167),
	(285,10168),
	(290,10168),
	(292,10168),
	(300,10168),
	(305,10168),
	(308,10169),
	(26,10170),
	(28,10170),
	(36,10170),
	(316,10170),
	(322,10170),
	(189,10171),
	(309,10171),
	(59,10172),
	(234,10173),
	(244,10173),
	(257,10173),
	(263,10173),
	(267,10173),
	(268,10173),
	(260,10174),
	(262,10174),
	(264,10174),
	(271,10174),
	(234,10175),
	(242,10175),
	(244,10175),
	(254,10175),
	(260,10175),
	(262,10175),
	(267,10175),
	(271,10175),
	(333,10175),
	(408,10175),
	(263,10176),
	(264,10176),
	(254,10177),
	(268,10177),
	(244,10178),
	(266,10178),
	(272,10178),
	(349,10178),
	(381,10178),
	(263,10179),
	(268,10179),
	(269,10179),
	(272,10179),
	(274,10179),
	(356,10179),
	(378,10179),
	(271,10180),
	(396,10180),
	(273,10182),
	(273,10183),
	(56,10184),
	(62,10184),
	(598,10184),
	(59,10185),
	(62,10185),
	(62,10186),
	(49,10187),
	(64,10187),
	(49,10188),
	(165,10188),
	(178,10188),
	(182,10188),
	(184,10188),
	(178,10189),
	(179,10189),
	(178,10190),
	(180,10190),
	(182,10190),
	(51,10191),
	(102,10191),
	(107,10191),
	(134,10191),
	(146,10191),
	(148,10191),
	(154,10191),
	(178,10191),
	(180,10191),
	(181,10191),
	(183,10191),
	(351,10191),
	(390,10191),
	(391,10191),
	(394,10191),
	(395,10191),
	(439,10191),
	(487,10191),
	(553,10191),
	(327,10192),
	(337,10192),
	(339,10192),
	(340,10192),
	(372,10192),
	(327,10193),
	(337,10193),
	(338,10193),
	(343,10193),
	(357,10193),
	(327,10194),
	(337,10194),
	(339,10194),
	(327,10195),
	(340,10195),
	(331,10196),
	(331,10197),
	(332,10197),
	(334,10197),
	(349,10197),
	(368,10197),
	(363,10198),
	(362,10199),
	(365,10199),
	(365,10200),
	(361,10201),
	(370,10201),
	(375,10201),
	(381,10201),
	(400,10201),
	(463,10201),
	(288,10202),
	(342,10202),
	(364,10202),
	(365,10202),
	(368,10202),
	(375,10202),
	(357,10203),
	(365,10203),
	(401,10203),
	(420,10203),
	(293,10204),
	(340,10204),
	(367,10204),
	(370,10204),
	(402,10204),
	(420,10204),
	(338,10205),
	(349,10205),
	(369,10205),
	(370,10205),
	(372,10205),
	(382,10205),
	(559,10205),
	(575,10205),
	(369,10206),
	(375,10206),
	(352,10207),
	(369,10207),
	(371,10207),
	(379,10207),
	(391,10207),
	(370,10208),
	(381,10208),
	(395,10208),
	(485,10208),
	(126,10209),
	(142,10209),
	(143,10209),
	(144,10209),
	(377,10209),
	(50,10210),
	(376,10210),
	(378,10210),
	(385,10210),
	(379,10211),
	(382,10211),
	(402,10211),
	(363,10212),
	(382,10212),
	(463,10212),
	(381,10213),
	(396,10213),
	(471,10213),
	(383,10214),
	(384,10215),
	(385,10215),
	(450,10215),
	(483,10215),
	(374,10216),
	(379,10216),
	(382,10216),
	(375,10217),
	(458,10217),
	(469,10217),
	(546,10217),
	(378,10218),
	(401,10218),
	(402,10218),
	(400,10219),
	(411,10219),
	(425,10219),
	(434,10219),
	(376,10220),
	(378,10220),
	(383,10220),
	(403,10220),
	(404,10220),
	(413,10220),
	(546,10220),
	(371,10221),
	(408,10221),
	(407,10222),
	(410,10222),
	(405,10223),
	(411,10224),
	(269,10225),
	(363,10225),
	(385,10225),
	(404,10225),
	(411,10225),
	(412,10225),
	(413,10225),
	(465,10225),
	(576,10225),
	(374,10226),
	(390,10226),
	(387,10227),
	(296,10228),
	(318,10228),
	(384,10228),
	(385,10228),
	(389,10229),
	(412,10229),
	(450,10229),
	(471,10229),
	(472,10229),
	(477,10229),
	(344,10230),
	(376,10230),
	(474,10230),
	(480,10230),
	(530,10230),
	(353,10231),
	(473,10231),
	(518,10231),
	(527,10231),
	(356,10232),
	(465,10232),
	(467,10232),
	(468,10232),
	(473,10232),
	(481,10232),
	(403,10233),
	(451,10233),
	(469,10233),
	(474,10233),
	(478,10233),
	(546,10233),
	(464,10234),
	(541,10234),
	(555,10234),
	(463,10235),
	(487,10235),
	(501,10235),
	(541,10235),
	(396,10236),
	(454,10236),
	(464,10236),
	(460,10237),
	(464,10237),
	(473,10237),
	(477,10237),
	(483,10237),
	(484,10237),
	(86,10238),
	(101,10238),
	(453,10238),
	(458,10238),
	(464,10238),
	(70,10239),
	(92,10239),
	(100,10239),
	(440,10239),
	(455,10239),
	(482,10239),
	(374,10240),
	(415,10240),
	(38,10241),
	(363,10241),
	(413,10241),
	(415,10241),
	(418,10241),
	(426,10241),
	(553,10241),
	(564,10241),
	(592,10241),
	(357,10242),
	(405,10242),
	(415,10242),
	(416,10242),
	(429,10242),
	(465,10242),
	(415,10243),
	(416,10243),
	(534,10243),
	(588,10243),
	(416,10244),
	(425,10244),
	(452,10244),
	(556,10244),
	(410,10245),
	(416,10245),
	(484,10245),
	(281,10246),
	(294,10246),
	(324,10246),
	(347,10246),
	(383,10246),
	(418,10246),
	(421,10246),
	(420,10247),
	(423,10247),
	(429,10247),
	(413,10248),
	(430,10248),
	(384,10249),
	(408,10249),
	(432,10249),
	(435,10249),
	(438,10249),
	(440,10249),
	(460,10249),
	(480,10249),
	(438,10250),
	(438,10251),
	(404,10252),
	(432,10252),
	(435,10252),
	(376,10253),
	(400,10253),
	(401,10253),
	(434,10253),
	(435,10253),
	(453,10253),
	(465,10253),
	(474,10253),
	(377,10254),
	(435,10254),
	(364,10255),
	(432,10255),
	(438,10255),
	(441,10255),
	(397,10256),
	(432,10256),
	(439,10257),
	(347,10258),
	(469,10258),
	(476,10258),
	(479,10258),
	(481,10258),
	(67,10259),
	(476,10259),
	(478,10259),
	(481,10259),
	(517,10259),
	(480,10260),
	(482,10260),
	(485,10260),
	(525,10260),
	(530,10260),
	(474,10261),
	(479,10261),
	(338,10262),
	(440,10262),
	(444,10262),
	(452,10262),
	(454,10262),
	(478,10262),
	(482,10262),
	(497,10262),
	(444,10263),
	(445,10263),
	(472,10263),
	(405,10264),
	(444,10264),
	(445,10264),
	(559,10264),
	(579,10264),
	(592,10264),
	(444,10265),
	(467,10265),
	(91,10266),
	(377,10266),
	(407,10266),
	(440,10266),
	(445,10266),
	(447,10266),
	(472,10266),
	(479,10266),
	(556,10266),
	(380,10267),
	(391,10267),
	(410,10267),
	(445,10267),
	(448,10267),
	(451,10267),
	(453,10267),
	(472,10267),
	(526,10267),
	(450,10268),
	(467,10268),
	(486,10268),
	(448,10269),
	(471,10270),
	(508,10270),
	(104,10271),
	(106,10271),
	(120,10271),
	(139,10271),
	(140,10271),
	(146,10271),
	(597,10271),
	(110,10272),
	(119,10272),
	(121,10272),
	(122,10272),
	(136,10272),
	(46,10273),
	(114,10273),
	(121,10273),
	(135,10273),
	(117,10274),
	(118,10274),
	(121,10274),
	(128,10274),
	(133,10274),
	(149,10274),
	(153,10274),
	(92,10275),
	(105,10275),
	(140,10275),
	(72,10276),
	(104,10276),
	(105,10276),
	(120,10276),
	(105,10277),
	(105,10278),
	(108,10278),
	(116,10278),
	(137,10278),
	(141,10278),
	(142,10278),
	(488,10278),
	(499,10278),
	(129,10279),
	(135,10279),
	(141,10279),
	(39,10280),
	(110,10280),
	(124,10280),
	(129,10280),
	(135,10280),
	(141,10280),
	(149,10280),
	(106,10281),
	(108,10281),
	(117,10281),
	(121,10281),
	(134,10281),
	(138,10281),
	(139,10281),
	(149,10281),
	(155,10281),
	(38,10282),
	(108,10282),
	(116,10282),
	(118,10282),
	(119,10282),
	(120,10282),
	(126,10282),
	(129,10282),
	(134,10282),
	(135,10282),
	(138,10282),
	(143,10282),
	(488,10282),
	(491,10282),
	(492,10282),
	(495,10282),
	(499,10282),
	(500,10282),
	(589,10282),
	(596,10282),
	(108,10283),
	(114,10283),
	(129,10283),
	(145,10283),
	(109,10284),
	(148,10284),
	(344,10284),
	(51,10285),
	(107,10285),
	(390,10285),
	(102,10286),
	(107,10286),
	(127,10286),
	(114,10287),
	(145,10287),
	(124,10288),
	(148,10288),
	(115,10289),
	(119,10289),
	(123,10289),
	(131,10289),
	(132,10289),
	(133,10289),
	(150,10289),
	(311,10289),
	(47,10290),
	(71,10290),
	(98,10290),
	(106,10290),
	(115,10290),
	(120,10290),
	(123,10290),
	(127,10290),
	(130,10290),
	(133,10290),
	(134,10290),
	(150,10290),
	(151,10290),
	(583,10290),
	(90,10291),
	(115,10291),
	(122,10291),
	(123,10291),
	(127,10291),
	(128,10291),
	(149,10291),
	(151,10291),
	(288,10291),
	(110,10292),
	(116,10292),
	(119,10292),
	(127,10292),
	(130,10292),
	(488,10292),
	(589,10292),
	(596,10292),
	(144,10293),
	(147,10293),
	(148,10293),
	(66,10294),
	(122,10294),
	(123,10294),
	(130,10294),
	(136,10294),
	(151,10294),
	(490,10294),
	(126,10295),
	(139,10295),
	(140,10295),
	(311,10295),
	(118,10296),
	(142,10296),
	(143,10296),
	(144,10296),
	(311,10296),
	(448,10296),
	(106,10297),
	(138,10297),
	(132,10298),
	(137,10298),
	(138,10298),
	(374,10298),
	(490,10298),
	(492,10298),
	(497,10298),
	(596,10298),
	(104,10299),
	(116,10299),
	(132,10299),
	(137,10299),
	(150,10299),
	(152,10299),
	(488,10299),
	(495,10299),
	(500,10299),
	(502,10299),
	(518,10299),
	(589,10299),
	(109,10300),
	(114,10300),
	(117,10300),
	(56,10301),
	(128,10301),
	(100,10302),
	(110,10302),
	(115,10302),
	(118,10302),
	(132,10302),
	(147,10303),
	(151,10303),
	(595,10303),
	(101,10304),
	(122,10304),
	(141,10304),
	(142,10304),
	(291,10304),
	(297,10304),
	(596,10304),
	(133,10305),
	(137,10305),
	(143,10305),
	(150,10305),
	(351,10305),
	(70,10306),
	(104,10306),
	(128,10306),
	(145,10306),
	(146,10306),
	(152,10306),
	(76,10307),
	(131,10307),
	(139,10307),
	(152,10307),
	(153,10307),
	(154,10307),
	(155,10307),
	(156,10307),
	(131,10308),
	(145,10308),
	(147,10308),
	(152,10308),
	(153,10308),
	(154,10308),
	(156,10308),
	(131,10309),
	(140,10309),
	(153,10309),
	(156,10309),
	(412,10309),
	(86,10310),
	(88,10310),
	(87,10311),
	(517,10311),
	(43,10312),
	(86,10312),
	(88,10312),
	(95,10312),
	(96,10312),
	(90,10313),
	(95,10313),
	(577,10313),
	(92,10314),
	(96,10314),
	(99,10314),
	(517,10314),
	(93,10315),
	(67,10316),
	(96,10316),
	(97,10316),
	(98,10317),
	(549,10317),
	(329,10320),
	(325,10321),
	(333,10321),
	(334,10321),
	(323,10323),
	(338,10323),
	(341,10323),
	(343,10323),
	(342,10324),
	(343,10325),
	(367,10325),
	(334,10326),
	(343,10326),
	(344,10326),
	(346,10326),
	(454,10326),
	(467,10326),
	(344,10327),
	(346,10327),
	(337,10328),
	(347,10328),
	(402,10328),
	(313,10329),
	(333,10329),
	(351,10329),
	(356,10329),
	(331,10330),
	(351,10330),
	(454,10330),
	(314,10331),
	(339,10331),
	(353,10331),
	(439,10332),
	(477,10332),
	(489,10332),
	(547,10332),
	(410,10333),
	(490,10333),
	(502,10333),
	(526,10333),
	(549,10333),
	(486,10334),
	(491,10334),
	(496,10334),
	(518,10334),
	(564,10334),
	(400,10335),
	(492,10335),
	(501,10335),
	(534,10335),
	(495,10336),
	(506,10336),
	(578,10336),
	(498,10337),
	(500,10337),
	(506,10337),
	(499,10338),
	(508,10338),
	(519,10338),
	(564,10338),
	(485,10339),
	(489,10339),
	(492,10339),
	(496,10339),
	(500,10339),
	(522,10339),
	(528,10339),
	(348,10340),
	(431,10340),
	(495,10340),
	(496,10340),
	(498,10340),
	(505,10340),
	(496,10341),
	(502,10341),
	(516,10341),
	(372,10342),
	(426,10342),
	(434,10342),
	(452,10342),
	(487,10342),
	(497,10342),
	(502,10342),
	(503,10342),
	(356,10343),
	(368,10343),
	(498,10343),
	(501,10343),
	(526,10343),
	(431,10344),
	(484,10344),
	(491,10344),
	(498,10344),
	(503,10344),
	(504,10344),
	(505,10344),
	(501,10345),
	(503,10345),
	(504,10345),
	(506,10345),
	(509,10345),
	(512,10345),
	(516,10345),
	(568,10345),
	(463,10346),
	(504,10346),
	(505,10346),
	(512,10346),
	(548,10346),
	(577,10346),
	(505,10347),
	(508,10347),
	(509,10347),
	(511,10347),
	(513,10347),
	(515,10347),
	(555,10347),
	(503,10348),
	(508,10348),
	(509,10348),
	(515,10348),
	(431,10349),
	(504,10349),
	(510,10349),
	(511,10350),
	(533,10350),
	(91,10351),
	(431,10351),
	(509,10351),
	(510,10351),
	(513,10351),
	(516,10351),
	(520,10351),
	(511,10352),
	(512,10352),
	(515,10352),
	(525,10352),
	(511,10353),
	(512,10354),
	(510,10355),
	(513,10356),
	(515,10357),
	(513,10358),
	(516,10358),
	(541,10358),
	(506,10359),
	(87,10360),
	(91,10360),
	(389,10360),
	(530,10360),
	(83,10361),
	(91,10361),
	(548,10361),
	(489,10362),
	(518,10362),
	(521,10362),
	(523,10362),
	(524,10362),
	(313,10363),
	(384,10363),
	(476,10363),
	(517,10363),
	(519,10363),
	(524,10363),
	(579,10363),
	(592,10363),
	(277,10364),
	(479,10364),
	(520,10364),
	(521,10364),
	(523,10364),
	(526,10364),
	(519,10365),
	(521,10365),
	(525,10365),
	(533,10365),
	(537,10365),
	(523,10366),
	(524,10366),
	(528,10366),
	(529,10366),
	(554,10366),
	(441,10367),
	(458,10367),
	(527,10367),
	(533,10367),
	(534,10368),
	(535,10368),
	(542,10368),
	(329,10369),
	(535,10369),
	(545,10369),
	(272,10370),
	(535,10370),
	(547,10370),
	(458,10371),
	(483,10371),
	(528,10371),
	(534,10371),
	(535,10371),
	(536,10371),
	(539,10371),
	(540,10371),
	(545,10371),
	(588,10371),
	(387,10372),
	(489,10372),
	(528,10372),
	(537,10372),
	(542,10372),
	(566,10372),
	(536,10373),
	(540,10373),
	(269,10374),
	(403,10374),
	(520,10374),
	(522,10374),
	(523,10374),
	(536,10374),
	(537,10374),
	(540,10374),
	(543,10374),
	(546,10374),
	(556,10374),
	(575,10374),
	(539,10375),
	(545,10375),
	(561,10375),
	(566,10375),
	(522,10376),
	(529,10376),
	(536,10376),
	(540,10376),
	(542,10376),
	(547,10376),
	(555,10376),
	(405,10377),
	(520,10377),
	(539,10377),
	(542,10377),
	(543,10377),
	(412,10378),
	(541,10378),
	(543,10378),
	(543,10379),
	(545,10379),
	(557,10379),
	(50,10380),
	(353,10380),
	(469,10380),
	(522,10380),
	(529,10380),
	(537,10380),
	(67,10381),
	(587,10381),
	(70,10382),
	(332,10383),
	(389,10383),
	(19,10384),
	(547,10384),
	(560,10384),
	(549,10385),
	(554,10385),
	(578,10385),
	(593,10386),
	(598,10386),
	(557,10388),
	(559,10389),
	(560,10389),
	(577,10389),
	(421,10390),
	(471,10390),
	(560,10390),
	(561,10391),
	(563,10391),
	(587,10391),
	(563,10392),
	(102,10393),
	(136,10393),
	(286,10394),
	(302,10394),
	(568,10394),
	(573,10394),
	(569,10395),
	(569,10396),
	(570,10396),
	(573,10396),
	(569,10397),
	(572,10397),
	(573,10397),
	(569,10398),
	(570,10398),
	(570,10399),
	(572,10399),
	(573,10399),
	(570,10400),
	(572,10400),
	(572,10401),
	(342,10402),
	(349,10402),
	(362,10402),
	(575,10402),
	(576,10402),
	(329,10403),
	(347,10403),
	(357,10403),
	(576,10403),
	(577,10404),
	(578,10405),
	(588,10405),
	(579,10406),
	(333,10407),
	(362,10407),
	(579,10407),
	(396,10408),
	(397,10409),
	(329,10410),
	(583,10410),
	(346,10411),
	(362,10411),
	(575,10411),
	(352,10412),
	(586,10412),
	(486,10413),
	(568,10413),
	(587,10413),
	(484,10414),
	(485,10415),
	(486,10416),
	(487,10417),
	(48,10418),
	(73,10418),
	(308,10419),
	(566,10423),
	(593,10440),
	(9,20000),
	(10,20000),
	(558,20000),
	(7,20001),
	(9,20001),
	(493,20001),
	(7,20002),
	(8,20002),
	(27,20002),
	(7,20003),
	(10,20003),
	(8,20004),
	(9,20004),
	(15,20004),
	(18,20004),
	(211,20004),
	(562,20004),
	(8,20005),
	(12,20005),
	(18,20005),
	(21,20005),
	(24,20005),
	(562,20005),
	(8,20006),
	(15,20006),
	(18,20006),
	(562,20006),
	(9,20007),
	(494,20007),
	(514,20007),
	(558,20007),
	(12,20008),
	(15,20008),
	(27,20008),
	(10,20009),
	(12,20009),
	(558,20009),
	(10,20010),
	(12,20010),
	(13,20010),
	(27,20010),
	(54,20010),
	(315,20010),
	(317,20010),
	(392,20010),
	(552,20010),
	(574,20010),
	(13,20011),
	(15,20011),
	(18,20011),
	(21,20011),
	(23,20011),
	(24,20011),
	(27,20011),
	(315,20011),
	(392,20011),
	(13,20012),
	(21,20012),
	(23,20012),
	(315,20012),
	(319,20012),
	(392,20012),
	(433,20012),
	(562,20012),
	(7,20013),
	(13,20013),
	(23,20013),
	(24,20013),
	(315,20013),
	(319,20013),
	(392,20013),
	(600,20013),
	(21,20014),
	(558,20014),
	(574,20014),
	(321,20015),
	(406,20015),
	(585,20015),
	(23,20016),
	(24,20016),
	(321,20016),
	(433,20016),
	(61,20017),
	(69,20017),
	(219,20017),
	(231,20017),
	(250,20017),
	(335,20017),
	(538,20017),
	(218,20018),
	(259,20018),
	(261,20018),
	(414,20018),
	(422,20018),
	(538,20018),
	(61,20019),
	(218,20019),
	(219,20019),
	(235,20019),
	(237,20019),
	(259,20019),
	(345,20019),
	(414,20019),
	(417,20019),
	(419,20019),
	(422,20019),
	(32,20020),
	(57,20020),
	(159,20020),
	(32,20021),
	(57,20021),
	(32,20022),
	(57,20022),
	(159,20022),
	(32,20023),
	(57,20023),
	(54,20024),
	(54,20025),
	(55,20025),
	(60,20025),
	(166,20025),
	(54,20026),
	(55,20026),
	(60,20026),
	(406,20026),
	(157,20027),
	(157,20028),
	(157,20029),
	(161,20029),
	(2,20030),
	(157,20030),
	(161,20030),
	(171,20030),
	(161,20031),
	(161,20032),
	(164,20033),
	(2,20034),
	(164,20034),
	(167,20034),
	(312,20034),
	(456,20034),
	(538,20034),
	(600,20034),
	(164,20035),
	(406,20035),
	(2,20036),
	(164,20036),
	(166,20036),
	(167,20036),
	(2,20037),
	(166,20037),
	(574,20037),
	(166,20038),
	(167,20039),
	(167,20040),
	(170,20041),
	(170,20042),
	(170,20043),
	(170,20044),
	(171,20044),
	(187,20046),
	(193,20046),
	(580,20046),
	(94,20047),
	(187,20047),
	(193,20047),
	(187,20048),
	(220,20048),
	(580,20048),
	(187,20049),
	(265,20049),
	(345,20049),
	(355,20049),
	(428,20049),
	(456,20049),
	(580,20049),
	(193,20050),
	(219,20050),
	(231,20050),
	(247,20050),
	(594,20050),
	(193,20051),
	(60,20052),
	(206,20052),
	(419,20052),
	(446,20052),
	(599,20052),
	(206,20053),
	(259,20053),
	(446,20053),
	(208,20054),
	(208,20055),
	(94,20056),
	(208,20056),
	(218,20056),
	(235,20056),
	(237,20056),
	(261,20056),
	(414,20056),
	(419,20056),
	(422,20056),
	(599,20056),
	(208,20057),
	(218,20057),
	(235,20057),
	(237,20057),
	(247,20057),
	(261,20057),
	(414,20057),
	(585,20057),
	(211,20058),
	(211,20059),
	(211,20060),
	(551,20060),
	(219,20061),
	(220,20061),
	(231,20061),
	(345,20061),
	(422,20061),
	(470,20061),
	(220,20062),
	(247,20062),
	(250,20062),
	(355,20062),
	(220,20063),
	(247,20063),
	(250,20063),
	(355,20063),
	(580,20063),
	(250,20064),
	(355,20064),
	(235,20065),
	(237,20065),
	(259,20065),
	(261,20065),
	(599,20065),
	(270,20066),
	(350,20066),
	(428,20066),
	(60,20067),
	(94,20067),
	(265,20067),
	(270,20067),
	(345,20067),
	(417,20067),
	(419,20067),
	(427,20067),
	(456,20067),
	(466,20067),
	(470,20067),
	(475,20067),
	(265,20068),
	(270,20068),
	(359,20068),
	(427,20068),
	(359,20069),
	(366,20069),
	(398,20069),
	(312,20070),
	(317,20070),
	(398,20070),
	(61,20071),
	(231,20071),
	(236,20071),
	(265,20071),
	(270,20071),
	(328,20071),
	(427,20071),
	(475,20071),
	(417,20072),
	(514,20072),
	(236,20073),
	(417,20073),
	(470,20073),
	(551,20073),
	(428,20074),
	(319,20075),
	(433,20075),
	(103,20076),
	(112,20076),
	(590,20076),
	(103,20077),
	(111,20077),
	(112,20077),
	(103,20078),
	(112,20078),
	(359,20078),
	(366,20078),
	(493,20078),
	(494,20078),
	(514,20078),
	(103,20079),
	(112,20079),
	(113,20079),
	(406,20080),
	(61,20081),
	(236,20081),
	(427,20081),
	(206,20082),
	(328,20082),
	(446,20082),
	(449,20082),
	(475,20082),
	(206,20083),
	(446,20083),
	(449,20083),
	(466,20083),
	(599,20083),
	(55,20084),
	(68,20084),
	(69,20084),
	(328,20084),
	(335,20084),
	(428,20084),
	(335,20085),
	(456,20085),
	(68,20086),
	(69,20086),
	(350,20086),
	(398,20086),
	(582,20086),
	(335,20087),
	(449,20087),
	(466,20087),
	(68,20088),
	(350,20088),
	(449,20088),
	(466,20088),
	(470,20088),
	(475,20088),
	(113,20089),
	(282,20089),
	(398,20089),
	(514,20089),
	(551,20089),
	(552,20089),
	(582,20089),
	(111,20090),
	(113,20090),
	(493,20090),
	(494,20090),
	(111,20091),
	(493,20091),
	(494,20091),
	(68,20092),
	(69,20092),
	(366,20092),
	(538,20092),
	(282,20093),
	(551,20093),
	(552,20093),
	(582,20093),
	(552,20094),
	(585,20094),
	(113,20095),
	(282,20095),
	(312,20095),
	(317,20095),
	(366,20095),
	(582,20095),
	(594,20095),
	(600,20095),
	(111,20096),
	(312,20096),
	(317,20096),
	(359,20096),
	(600,20096),
	(319,20097),
	(321,20097),
	(433,20097),
	(55,20098),
	(321,20098),
	(35,20099),
	(236,20099),
	(328,20099),
	(350,20099),
	(282,20100),
	(574,20101),
	(585,20101),
	(594,20101),
	(94,20105),
	(590,20110),
	(35,20111),
	(594,20112),
	(35,20118),
	(590,20118),
	(590,20119),
	(35,20121),
	(591,20121),
	(591,20122),
	(591,20123),
	(591,20124),
	(198,30000),
	(252,30000),
	(386,30000),
	(581,30000),
	(77,30001),
	(198,30001),
	(251,30001),
	(298,30001),
	(409,30001),
	(198,30002),
	(386,30002),
	(198,30003),
	(386,30003),
	(457,30003),
	(581,30003),
	(239,30004),
	(255,30004),
	(295,30004),
	(251,30005),
	(462,30005),
	(252,30006),
	(176,30007),
	(202,30007),
	(77,30008),
	(202,30008),
	(204,30009),
	(241,30009),
	(204,30010),
	(307,30010),
	(239,30011),
	(63,30012),
	(202,30012),
	(239,30012),
	(252,30012),
	(457,30012),
	(209,30013),
	(239,30013),
	(459,30013),
	(77,30014),
	(241,30014),
	(354,30014),
	(209,30015),
	(399,30015),
	(507,30015),
	(295,30016),
	(298,30016),
	(307,30016),
	(399,30016),
	(462,30016),
	(63,30017),
	(295,30017),
	(354,30017),
	(462,30017),
	(176,30018),
	(295,30018),
	(176,30019),
	(251,30019),
	(298,30019),
	(125,30020),
	(241,30020),
	(298,30020),
	(584,30020),
	(63,30021),
	(409,30021),
	(125,30022),
	(125,30023),
	(176,30024),
	(255,30024),
	(307,30024),
	(393,30024),
	(252,30025),
	(307,30025),
	(399,30025),
	(507,30025),
	(584,30025),
	(77,30026),
	(80,30026),
	(204,30026),
	(409,30026),
	(80,30027),
	(80,30028),
	(63,30029),
	(80,30029),
	(85,30029),
	(85,30030),
	(241,30030),
	(85,30031),
	(457,30031),
	(85,30032),
	(202,30032),
	(251,30032),
	(354,30033),
	(457,30034),
	(459,30034),
	(459,30035),
	(459,30036),
	(462,30036),
	(209,30037),
	(507,30037),
	(125,30038),
	(399,30038),
	(584,30038),
	(255,30039),
	(386,30039),
	(393,30039),
	(409,30039),
	(507,30039),
	(581,30039),
	(204,30040),
	(393,30040),
	(393,30041),
	(581,30042),
	(354,30043),
	(584,30043),
	(210,40000),
	(243,40000),
	(424,40000),
	(185,40001),
	(210,40001),
	(358,40001),
	(461,40001),
	(550,40001),
	(209,40002),
	(210,40002),
	(230,40002),
	(255,40002),
	(258,40002),
	(210,40003),
	(279,40003),
	(358,40003),
	(436,40003),
	(567,40003),
	(89,40004),
	(173,40004),
	(201,40004),
	(213,40004),
	(424,40004),
	(550,40004),
	(567,40004),
	(173,40005),
	(185,40005),
	(213,40005),
	(436,40005),
	(217,40006),
	(243,40006),
	(279,40006),
	(201,40007),
	(217,40007),
	(567,40007),
	(217,40008),
	(217,40009),
	(173,40010),
	(173,40011),
	(185,40012),
	(185,40013),
	(89,40014),
	(213,40014),
	(358,40014),
	(230,40015),
	(358,40015),
	(201,40016),
	(230,40016),
	(201,40017),
	(230,40017),
	(258,40017),
	(461,40017),
	(258,40018),
	(89,40019),
	(258,40019),
	(424,40019),
	(567,40019),
	(89,40020),
	(243,40020),
	(424,40020),
	(461,40020),
	(243,40021),
	(279,40021),
	(436,40021),
	(550,40021),
	(213,40022),
	(436,40022),
	(461,40022),
	(279,40023),
	(550,40023),
	(75,50000),
	(168,50000),
	(196,50000),
	(207,50000),
	(360,50000),
	(168,50001),
	(442,50001),
	(44,50002),
	(65,50002),
	(168,50002),
	(42,50003),
	(168,50003),
	(443,50003),
	(196,50004),
	(207,50004),
	(571,50004),
	(75,50005),
	(196,50005),
	(222,50005),
	(246,50005),
	(276,50005),
	(330,50005),
	(58,50006),
	(196,50006),
	(571,50006),
	(246,50007),
	(276,50007),
	(360,50007),
	(222,50008),
	(532,50008),
	(207,50009),
	(437,50009),
	(222,50010),
	(531,50010),
	(79,50011),
	(78,50012),
	(222,50012),
	(246,50012),
	(177,50013),
	(443,50013),
	(177,50014),
	(253,50014),
	(360,50014),
	(437,50014),
	(532,50014),
	(44,50015),
	(253,50015),
	(360,50015),
	(437,50015),
	(571,50015),
	(44,50016),
	(437,50016),
	(442,50016),
	(177,50017),
	(253,50017),
	(532,50017),
	(44,50018),
	(336,50018),
	(531,50018),
	(544,50018),
	(42,50019),
	(65,50019),
	(253,50019),
	(42,50020),
	(58,50020),
	(78,50020),
	(544,50020),
	(58,50021),
	(79,50021),
	(330,50021),
	(336,50021),
	(65,50022),
	(42,50023),
	(82,50023),
	(336,50023),
	(65,50024),
	(75,50024),
	(78,50024),
	(79,50024),
	(82,50024),
	(177,50024),
	(276,50024),
	(443,50024),
	(531,50024),
	(532,50024),
	(58,50025),
	(82,50025),
	(75,50026),
	(388,50026),
	(78,50027),
	(79,50027),
	(82,50027),
	(336,50027),
	(531,50027),
	(330,50028),
	(388,50028),
	(544,50028),
	(207,50029),
	(388,50029),
	(544,50029),
	(388,50030),
	(442,50030),
	(276,50031),
	(442,50031),
	(330,50032),
	(443,50032),
	(571,50033);

/*!40000 ALTER TABLE `map_questions_answers` ENABLE KEYS */;
UNLOCK TABLES;


# Dump of table map_questions_topics
# ------------------------------------------------------------

DROP TABLE IF EXISTS `map_questions_topics`;

CREATE TABLE `map_questions_topics` (
  `question_id` int(11) NOT NULL,
  `topic_id` int(11) NOT NULL,
  PRIMARY KEY (`topic_id`,`question_id`),
  KEY `IDX_4B6864A61F55203D` (`topic_id`),
  KEY `IDX_4B6864A61E27F6BF` (`question_id`),
  CONSTRAINT `FK_4B6864A61E27F6BF` FOREIGN KEY (`question_id`) REFERENCES `question` (`id`) ON DELETE CASCADE,
  CONSTRAINT `FK_4B6864A61F55203D` FOREIGN KEY (`topic_id`) REFERENCES `topic` (`id`) ON DELETE CASCADE
) ENGINE=InnoDB DEFAULT CHARSET=utf8 COLLATE=utf8_unicode_ci;



# Dump of table migration_versions
# ------------------------------------------------------------

DROP TABLE IF EXISTS `migration_versions`;

CREATE TABLE `migration_versions` (
  `version` varchar(255) COLLATE utf8_unicode_ci NOT NULL,
  PRIMARY KEY (`version`)
) ENGINE=InnoDB DEFAULT CHARSET=utf8 COLLATE=utf8_unicode_ci;

LOCK TABLES `migration_versions` WRITE;
/*!40000 ALTER TABLE `migration_versions` DISABLE KEYS */;

INSERT INTO `migration_versions` (`version`)
VALUES
	('20150919220510'),
	('20150920100346'),
	('20150920100732'),
	('20150920101808'),
	('20150920105615'),
	('20150920141604'),
	('20150920145007'),
	('20150920145102'),
	('20150920152207'),
	('20150920163427'),
	('20150920163745'),
	('20150920164039'),
	('20150920211519');

/*!40000 ALTER TABLE `migration_versions` ENABLE KEYS */;
UNLOCK TABLES;


# Dump of table question
# ------------------------------------------------------------

DROP TABLE IF EXISTS `question`;

CREATE TABLE `question` (
  `id` int(11) NOT NULL AUTO_INCREMENT,
  `correct_answer_id` int(11) DEFAULT NULL,
  `question` varchar(255) COLLATE utf8_unicode_ci NOT NULL,
  `difficulty` int(11) NOT NULL,
  PRIMARY KEY (`id`),
  KEY `IDX_B6F7494EFD2E7CF7` (`correct_answer_id`),
  CONSTRAINT `FK_B6F7494EFD2E7CF7` FOREIGN KEY (`correct_answer_id`) REFERENCES `answer` (`id`)
) ENGINE=InnoDB DEFAULT CHARSET=utf8 COLLATE=utf8_unicode_ci;

LOCK TABLES `question` WRITE;
/*!40000 ALTER TABLE `question` DISABLE KEYS */;

INSERT INTO `question` (`id`, `correct_answer_id`, `question`, `difficulty`)
VALUES
	(1,10004,'Which of the following drugs is a TNFα inhibitor?',1),
	(2,20036,'What is the primary target structure of Abciximab_10062?',3),
	(3,10000,'Which of the following drugs has CD20 as its main effective target structure?',1),
	(4,10010,'What drug targets VEGF?',2),
	(5,10002,'Which drug targets an intracellular structure?',3),
	(6,10014,'Which drug is an inhibitor of certain tyrosine-kinases?',1),
	(7,20002,'Which is the target structure of Alemtuzumab_10011?',3),
	(8,20006,'Which is the target structure of Tocilizumab_10008?',2),
	(9,20007,'Which is the target structure of Carfilzomib_10002?',3),
	(10,20000,'Which is the target structure of Rituximab_10000?',1),
	(11,10005,'Which of the following biologics is NOT interfering with the TNFα system?',2),
	(12,20005,'What is the target structure of Golimumab_10012?',3),
	(13,20011,'What is the target structure of Trastuzumab_10005?',2),
	(14,10007,'Which substance is a tyrosine-kinase inhibitor?',1),
	(15,20004,'What is the target structure of Anakinra_10003?',2),
	(16,10015,'Which drug has BAFF (BLyS) as its main effective target structure?',3),
	(17,10016,'What drug has IgE as its main effective target structure?',2),
	(18,20005,'What is the target structure of Infliximab_10391?',1),
	(19,10001,'Which drug is a proteasome inhibitor?',2),
	(20,10013,'Which drug has C5 (Complement factor 5) as its main effective target structure?',3),
	(21,20014,'Which is the target structure of Bevacizumab_10010?',2),
	(22,10017,'Which drug targets the tyrosine kinases of EGFR?',3),
	(23,20016,'Which is the primary target structure of Erlotinib_10017?',2),
	(24,20016,'Which is the primary target structure of Cetuximab_10006?',2),
	(25,10018,'Which completely humanized antibody drug has the similar target structure as Cetuximab_10006?',2),
	(26,10020,'Which drug has the similar target structure as Erlotinib_10017?',3),
	(27,20010,'Which is the primary target structure of Denosumab_10168?',3),
	(28,10170,'Which drug has the similar target structure as Imatinib_10007?',3),
	(29,10026,'Which of the following drugs is a SSRI?',2),
	(30,10030,'Which drug is a typical serotonin-norepinephrine reuptake inhibitor (SNRI)?',1),
	(31,10033,'Which drug is a relatively selective MAO-A inhibitor?',3),
	(32,20022,'Which neuromodulator concentraction does Citalopram_10026 affect most?',3),
	(33,10022,'Which of the following drugs is a TCA used in treatment of depression?',2),
	(34,10035,'Which antidepressant should NOT be taken in case of suicidal tendencies without additional sedation treatment in the first weeks of therapy?',3),
	(35,20118,'What is the primary target structure of Allopurinol_10228?',1),
	(36,10021,'Which drug may be administered to treat depressive disorders or bipolar disorders?',1),
	(37,10028,'Which of the following drugs is a SSRI?',1),
	(38,10027,'For which of the following drugs is a parallel treatment with monamine oxidase inhibitors (MAOI) a contraindication?',3),
	(39,10025,'Which of the following drugs is a tetracyclic depressant (TeCA)?',1),
	(40,10031,'Which antidepressant is well suited to treat depression associated with agitation or anxiety?',3),
	(41,10027,'Which SSRI is particularly well suited to treat obsessive–compulsive disorder (OCD)?',3),
	(42,50019,'What is a common side effect of Fluoxetine_10029 and other SSRIs?',1),
	(43,10029,'Which drug belongs to a class of antidepressants that may have antiviral activity against enteroviruses?',3),
	(44,50018,'What may be a dangerous complication of combining treatment of SSRI like Paroxetine_10028 with MAO inhibitors like Tranylcypromine_10034?',2),
	(45,10034,'Which of the following antidepressants is a nonselective and irreversible MAO inhibitor used in clinical treatment of mood and anxiety disorders?',3),
	(46,10032,'Which antidepressant may be administered in case of stress urinary incontinence (SUI)?',3),
	(47,10030,'Which drug may be prescribed off-label in case of diabetic neuropathy?',3),
	(48,10036,'Which of the following drugs is commonly referred to as mood-stabilizing drug for treatment of bipolar disorder?',1),
	(49,10036,'Which co-drug may be administered to augment the effect of antidepressants?',2),
	(50,10036,'Overdose with what drug may be fatal and lead to tremor, ataxia, renal impairment, confusion and convulsions?',1),
	(51,10037,'Which of the following drugs may be used as alternative to Lithium_10036 as mood-stabilizing drug for treatment of bipolar disorder?',3),
	(52,10045,'Which drug should be given alongside with L-DOPA(Levodopa)_10047 in Parkinson therapy?',1),
	(53,10046,'Which drug is a peripheral DOPA decarboxylase inhibitor?',1),
	(54,20026,'Which is the primary target structure of Selegeline_10043?',2),
	(55,20025,'What is the primary target structure for Entacapone_10184?',2),
	(56,10184,'Which drug is a COMT inhibitor used in treatment for Parkinson\'s disease (PD)?',1),
	(57,20020,'Which neuromodulator\'s concentration is affected most by the use of Rasagiline_10172?',2),
	(58,50020,'What is a typical and serious adverse effect of therapy with L-DOPA(Levodopa)_10047?',2),
	(59,10185,'Which of the following drugs is a so-called dopamine agonist indicated for treating early-stage Parkinson\'s disease (PD)?',3),
	(60,20067,'What is the primary target structure of antiparkinsonian drug Biperiden_10418?',2),
	(61,20081,'What is the primary target structure of Pergolide_10186?',2),
	(62,10043,'Which drug is a selective irreversible MAO-B inhibitor?',1),
	(63,30029,'What may be an indication for treatment with Pramipexol_10185?',3),
	(64,10187,'Which antiviral drug is used in treatment for Parkinson\'s disease (PD)?',3),
	(65,50022,'What is a possible adverse effect of antiparkinsonian treatment with COMT inhibitor Tolcapone_10044? ',3),
	(66,10167,'Which of the following drugs is a centrally acting reversible acetylcholinesterase inhibitor?',3),
	(67,10381,'Which drug is a acetylcholinesterase inhibitor which may be administered with transdermal patch in treatment of mild to moderate dementia of the Alzheimer’s type and dementia due to Parkinson\'s disease?',3),
	(68,20086,'What is the primary target structure of Galantamine_10166?',3),
	(69,20084,'What is one of the primary target structures of Memantine_10382?',3),
	(70,10382,'Which of the following drugs acts on the glutamatergic system and may be administered for treatment of Alzheimer\'s disease?',3),
	(71,10051,'Which of the following drugs is considered atypical antipsychotic?',1),
	(72,10038,'Which drug may lead to extrapyramidal side effects as may do most of its class?',2),
	(73,10050,'Which drug requires constant blood monitoring due to rare but possible agranulocytosis?',1),
	(74,10052,'Which drug is used in treatment of schizophrenia?',1),
	(75,50026,'What is a commonly occuring side effect of antipsychotic treatment with drugs of the class of Levomepromazine_10039?',2),
	(76,10041,'Which antipsychotic drug is used to treat acute confusional state (delirium)?',1),
	(77,30026,'What is an indication for treatment with Olazapine_10049?',1),
	(78,50024,'What is a feared adverse effect of antipsychotic treatment with Clozapine_10050?',1),
	(79,50021,'What is a life threatening, rare but possible adverse effect of treatment with Haloperidol_10041?',2),
	(80,30029,'What is NOT an approved indication for treatment with Aripiprazole_10040 which is partial dopamine agonist of the second generation of atypical antipsychotics?',3),
	(81,10051,'Which drug may be used in therapy of schizophrenia and bipolar disorder?',1),
	(82,50023,'What is a common side effect of therapy with Fluphenazine_10042 due to dopamine-blocking effects?',2),
	(83,10048,'What is the primary active metabolite of the antipsychotic Risperidone_10051 which is also used as drug for treatment of schizophrenia and bipolar disorder?',3),
	(84,10038,'Which drug is NOT an atypical antipsychotic?',2),
	(85,30029,'Which is NOT an indication for treatment with Pregabalin_10317?',3),
	(86,10310,'Which anticonvulsant is mainly used to treat absence seizures?',3),
	(87,10311,'Which anticonvulsant is a good choice in treating tonic–clonic seizures (formely known as grand mal seizures)?',2),
	(88,10312,'Which drug is approved for add-on treatment in case of Lennox-Gastaut syndrome in children?',3),
	(89,40014,'What is a contraindication for treatment with Valproic-acid/Valproate_10037?',2),
	(90,10313,'Which drug may be used for treatment of focal seizures and Lennoy-Gastaut syndrome, and additionally for off-label use in therapy of trigeminal neuralgia, cluster headaches and migraines?',3),
	(91,10361,'Which drug is approved for treatment of focal seizures and for fibromyalgia?',2),
	(92,10314,'Which anticonvulsant and mood stabilizing drug used in treatment of epilepsy and bipolar disorder is a potent CYP450 inducer and may therefore lead to drug interactions?',3),
	(93,10315,'Which of the following drugs is used in treatment of focal seizures?',1),
	(94,20105,'What is one of the primary target structures of Oxcarbazepine_10315?',1),
	(95,10052,'Which of the following drugs is NOT a antiepileptic?',3),
	(96,10314,'Which antiepileptic drug is NOT approved for treatment of primary general epilepsy?',3),
	(97,10316,'Which drug is used for treatment of partial seizures?',3),
	(98,10317,'Which drug targets voltage-dependent calcium channel in the central nervous system?',2),
	(99,10314,'Which drug may be used off-label in treatment of neuromyotonia (NMT), also known as Isaacs\' syndrome?',3),
	(100,10239,'Which drug is indicated in first-line treatment of status epilepticus?',1),
	(101,10238,'Which drug is indicated in first-line treatment of status epilepticus?',1),
	(102,10393,'Which barbiturate may be administered in case of neonatal seizures?',3),
	(103,20078,'What is the primary target structure of Levofloxacin_10277?',1),
	(104,10276,'Which of the following antibiotics is a DNA gyrase inhibitor?',1),
	(105,10278,'Which of the following antibiotics is considered a fourth-generation fluorchinolone?',2),
	(106,10297,'Which antibiotic\'s mechanism of action is NOT to interfere with the synthesis of the bacterial cell wall?',1),
	(107,10285,'With which additional drug is Amoxicillin_10282 often combined to increase its effectiveness against β-lactamase-producing bacteria?',2),
	(108,10283,'With which antibiotic is Tazobactam_10286 combined to increase the treatment effectiveness against β-lactamase-producing bacteria?',1),
	(109,10284,'Which of the following drugs is a β-lactamase inhibitor?',1),
	(110,10292,'Which antibiotic does NOT interfere with the synthesis of the bacterial cell wall?',1),
	(111,20077,'What is the primary target structure of Rifampicin_10306?',1),
	(112,20076,'What is one of the target structures of Amikacin_10298?',2),
	(113,20079,'What is the primary target structure of Roxithromycin_10419?',2),
	(114,10287,'Which drug inhibits the dihydrofolate reductase?',2),
	(115,10302,'Which drug is an ultra-broad spectrum antibiotic used to treat wide variety of infections with gram positive and gram negative bacteria?',2),
	(116,10299,'Which of the following drugs is particularly ototoxic?',2),
	(117,10300,'Which of the following drugs is particularly nephrotoxic?',2),
	(118,10296,'Which of the following antibiotics (and others of its class) should be avoided in treatment of patients with long QT syndrome?',3),
	(119,10292,'Which antibiotic is contraindicated for use in children younger than 8 years?',2),
	(120,10276,'Which drug belongs to a group of antibiotics that should usually NOT be used for treatment of children <16 years due to cartilage development damage and other adverse effects?',2),
	(121,10281,'Which antibiotic is a good choice for treatment of infection with Listeria monocytogenes?',3),
	(122,10304,'Which antibiotic is particularly well suited to treat infection with protozoa?',2),
	(123,10294,'Which drug may be administered in treatment of urinary tract infection without complication?',1),
	(124,10288,'Which drug may be administered in case of acute Pneumocystis jirovecii pneumoniae?',2),
	(125,30022,'What would be a typical indication for treatment with Gentamicin_10299 (often combined with other antibiotics)?',1),
	(126,10295,'Which antibiotic is particularly well suited to treat infection with anaerobic bacteria?',2),
	(127,10292,'Which antibiotic is a good choice for treatment of infections with brucella or rickettsia?',3),
	(128,10301,'Which drug belongs to a class that is considered to be antibiotics of last resort in the gram negative spectrum?',2),
	(129,10283,'Which of these antibiotics is effective against Pseudomonas aeruginosa?',1),
	(130,10292,'Which antibiotic is particularly well suited to treat Lyme disease?',2),
	(131,10289,'Which antibiotic is often used to treat MRSA?',1),
	(132,10289,'Which of the following antibiotics is NOT useful to treat infections with gram negative bacteria?',1),
	(133,10274,'Which of the following antibiotics is NOT effective to treat infections with Enterococcus faecalis?',3),
	(134,10290,'Which antibiotic is particularly well suited to treat Clostridium difficile-associated diarrhoea?',3),
	(135,10273,'Which of these antibiotics is effective against Pseudomonas aeruginosa?',1),
	(136,10272,'Which antibiotic is particularly well suited to treat bacterial meningitis caused by Neisseria meningitidis?',1),
	(137,10278,'Which antibiotic is a good choice for a common bacterial respiratory tract infection?',2),
	(138,10297,'Which antibiotic is particularly well suited to treat infection with Mycoplasma pneumoniae?',3),
	(139,10295,'Treatment with which antibiotic is often associated with the adverse effect of pseudomembranous colitis?',2),
	(140,10295,'Which antibiotic is a good choice for treatment of osteomyelitis?',3),
	(141,10304,'Which antibiotic is particularly well suited to treat infection with Clostridium difficile?',2),
	(142,10278,'Which of the following drugs is NOT indicated for eradication of Helicobacter pylori?',3),
	(143,10305,'Which of the following drugs is NOT indicated for eradication of Helicobacter pylori?',3),
	(144,10296,'Which antibiotic is a potent inhibitor of CYP3A4 which may lead to drug interactions?',2),
	(145,10306,'Which antibiotic is used in prophylactic therapy against Neisseria meningitidis?',3),
	(146,10306,'Which of the following drugs is an inducer of CYP3A4 which may lead to drug interactions?',2),
	(147,10293,'Which antibiotic inhibits translation by binding the 30S ribosomal subunit of bacteria and thereby blocking entry of Aminoacyl-tRNA?',2),
	(148,10293,'Which antibiotic is a good choice for complicated skin and skin structure infections?',3),
	(149,10291,'Which antibiotic is mainly reserved for use against vancomycin-resistant enterococci (VRE) gram positivie bacteria?',3),
	(150,10305,'Which antibiotic may be administered against glycopeptide-resistant Enterococci (GRE) gram positivie bacteria?',3),
	(151,10303,'Which antibiotic is mainly reserved for use against extended spectrum beta-lactamase (ESBL) gram negative bacteria?',2),
	(152,10299,'Which of the following drugs is NOT used in first line tuberculosis therapy?',1),
	(153,10274,'Which of the following drugs is NOT used in first line tuberculosis therapy?',1),
	(154,10308,'Which drug used in tuberculosis treatment may lead to polyneuropathy?',3),
	(155,10307,'Which drug used in tuberculosis treatment may lead to optic neuritis?',3),
	(156,10308,'Which of the following drugs is administered for 6 months in first line standard short course tuberculosis therapy?',3),
	(157,20027,'What is the primary target structure of Dabigatran_10056?',2),
	(158,10055,'Which drug inhibits factor Xa?',2),
	(159,10057,'What substance is an antidote to heparine overdose?',1),
	(160,10056,'Which direct inhibitor of thrombin can be taken orally?',3),
	(161,20032,'Which factor\'s synthesis is NOT inhibited by Coumarins_10058?',2),
	(162,10062,'What drug targets GP IIb/IIIa?',3),
	(163,10065,'Which drug is a commonly used vitamin K antagonist?',1),
	(164,20034,'Which target structure does Clopidogrel_10066 irreversibly inhibit?',2),
	(165,10065,'Which of the following drugs is a prodrug?',3),
	(166,20038,'What is the target structure of Aspirin_10063?',1),
	(167,20039,'What structure does heparin bind first when acting as a anticoagulant?',2),
	(168,50001,'What is a severe complication of therapy with heparin?',2),
	(169,10059,'Which drug has the same target structure as Dabigatran_10056?',2),
	(170,20044,'Phenprocoumon_10064 is an antagonist of which vitamin?',1),
	(171,10063,'Which is one of the drugs that should be given in an case of ACS (acute coronary syndrome)? ',1),
	(172,10066,'Which is one of the drugs that should be given in an case of ACS (acute coronary syndrome)? ',1),
	(173,40010,'What is a contraindication for treatment with Abciximab_10062?',2),
	(174,10053,'Which drug is a direct factor IIa inhibitor?',3),
	(175,10061,'The effectivity of which drug is controlled with the Quick test or PT-INR test?',1),
	(176,30007,'What is one of the main indications for therapy with Enoxiparine_10182?',1),
	(177,50013,'What is a severe complication of therapy with Coumarins_10058?',1),
	(178,10188,'Which drug is also know as rtPA?',2),
	(179,10189,'Which of the following drugs has plasminogen as its primary target structure?',1),
	(180,10190,'Which drug can be administered intrapleurally to improve drainage of complicated empyemas?',2),
	(181,10191,'Which of the following drugs inhibits the activation of plasminogen?',2),
	(182,10188,'Which drug is indicated in case of massive pulmonary embolism (PE) causing hemodynamic instability?',1),
	(183,10191,'Which of the following drugs is an antidote for fibrinolytic drugs and therefore commonly applied in surgery to avoid blood loss?',3),
	(184,10188,'Which drug may be administered in case of STEMI if PCI is NOT available?',1),
	(185,40012,'What is a contraindication for Alteplase_10188 (rtPA)?',1),
	(186,10070,'Which of the following drugs is a potassium-sparing diuretic?',1),
	(187,20046,'Which is the primary target structure of Furosemide_10078?',1),
	(188,10073,'Which of the following drugs has its main diuretic effect in the proximal tubulus in the kidney?',2),
	(189,10071,'Which drug interacts with the metabolism of Coumarins_10058?',3),
	(190,10072,'Which drug may lead to hyperkalemia?',2),
	(191,10076,'Which drug acts as osmotic diuretic?',1),
	(192,10078,'Which drug is NOT a loop diuretic?',1),
	(193,20051,'Which is the primary target structure of Triamterene_10070?',2),
	(194,10072,'Which drug has its main effect on structures most distal from the glomerulus in the kidney?',3),
	(195,10074,'Which drug is a aldosterone antagonist?',1),
	(196,50006,'What is an often observed adverse effect of therapy with loop diuretics?',1),
	(197,10068,'Which drug acts as a vasopressin (ADH) antagonist?',2),
	(198,30001,'What is a typical indication for a treatment with Tolvaptan_10068?',3),
	(199,10070,'Which drug has the same mechanism of action as Amiloride_10072?',1),
	(200,10078,'Which drug has NKCC2-channels as its primary target structure?',1),
	(201,40007,'What is a contraindication for Hydrochlorothiazide(HCT)_10069?',2),
	(202,30008,'What is a typical indication for treatment with Torasemide_10067?',2),
	(203,10078,'Which of the following drugs can be ototoxic?',1),
	(204,30009,'What is an indication for treatment with Spironolactone_10071?',2),
	(205,10091,'Which of the following drugs is NOT a prodrug?',3),
	(206,20052,'Which is the primary target structure of Valsartan_10091?',2),
	(207,50009,'Which is the most common side effect of Ramipril_10082?',1),
	(208,20054,'What is the primary target structure of Enalapril_10081?',1),
	(209,40002,'What is a typical indication for treatment with Enalapril_10081?',1),
	(210,40001,'What is a typical contraindication for Captopril_10083?',2),
	(211,20058,'Effect on what metabolite may cause dry cough as adverse effect in Ramipril_10082 treatment?',3),
	(212,10095,'Which of the following drugs in NOT a β1 selective receptor blocker?',2),
	(213,40004,'What is a typical contraindication for treatment with common β-blocker?',1),
	(214,10095,'Which of the following drugs may be taken for treatment of essential tremor?',3),
	(215,10096,'Which β-blocker has an additional α-blocking activity?',3),
	(216,10102,'Which of the following β-blocker has the most rapid onset?',3),
	(217,40009,'What is NOT a contraindication for treatment with Perindopril_10085?',2),
	(218,20056,'What is the primary target of Bisoprolol_10100?',1),
	(219,20017,'What is the primary target structure of Nifedipine_10103?',2),
	(220,20062,'What is the primary target structure of Verapamil_10104?',2),
	(221,10105,'Which drug is a so-called non-DHP calcium channel blocker?',3),
	(222,50010,'What disease may be triggerd by Metoprolol_10099?',2),
	(223,10084,'Which drug has ACE as its primary target structure?',1),
	(224,10081,'Which drug has dry cough as one of its possible side effects?',1),
	(225,10082,'Which other antihypertensive drug should usually NOT be applied during therapy with a potassium-sparing diuretic (e.g. Triamteren_10070)? ',2),
	(226,10105,'Which other antihypertensive drug should usually NOT be applied during therapy with β-blocker like Metoprolol_10099 due to risk of bradykardia?',2),
	(227,10081,'Which drug (standing for drug class) should be first line treatment in antihypertensive therapy if the patient also has a diabetes mellitus type 2?',2),
	(228,10099,'Which drug is definitely allowed for antihypertensive treatment during pregnancy?',3),
	(229,10101,'Which of the β-blockers is additionally a NO-donator?',3),
	(230,40017,'What is a typical contraindication for treatment with common β-blocker?',1),
	(231,20017,'What is the primary target structure of Amlodipine_10420?',2),
	(232,10088,'Which of the following drugs has the same effect mechanism as Clonidine_10094?',1),
	(233,10094,'Which drug is a centrally active α2-adrenergic agonist?',2),
	(234,10086,'Which antihypertensive drug can also be used in therapy of benign prostatic hyperplasia (BPH)?',3),
	(235,20057,'What is one of the target structures of Clonidine_10094?',2),
	(236,20099,'What is one of the target structures of Clonidine_10094?',3),
	(237,20065,'Which is the primary target structure of Uradipil_10093?',3),
	(238,10087,'Which antihypertensive α1 receptor blocker may also be administered for off-label treatment of PTSD and panic disorder?',3),
	(239,30012,'What is an indication for Uradipil_10093?',2),
	(240,10093,'Which drug is a central α1-adrenoceptor antagonist and a 5-HT1A receptor agonist?',3),
	(241,30014,'What is a typical indication for Nifedipine_10103?',3),
	(242,10089,'Which drug is a good alternative for antihypertensive therapy if treatment ACE blocker is stopped due to dry cough as one of its main side effects?',1),
	(243,40006,'What is a contraindication for Telmisartan_10080?',3),
	(244,10112,'What drug may be administered in case of acute hypertensive emergency?',2),
	(245,10100,'What is a typical class II antiarrythmic drug?',2),
	(246,50012,'What is one of the complications of antiarrythmic drugs?',2),
	(247,20063,'What is supposedly the primary target structure of Amiodarone_10108?',2),
	(248,10109,'Which drug has the same mechanism of action as Amiodarone_10108?',1),
	(249,10104,'What is a typical class IV antiarrythmic drug?',2),
	(250,20064,'What is the primary target structure of Flecainide_10107?',3),
	(251,30005,'What is a typical indication for Diltiazem_10105?',1),
	(252,30006,'What is a typcial indication for Sotalol_10097?',3),
	(253,50017,'What is a possible adverse effect of Amiodarone_10108?',3),
	(254,10177,'Which drug is indicated in case of AV reentrant tachycardia if vagal maneuvers are NOT effective?',3),
	(255,40002,'Which is an indication for treatment with Candesartan_10089?',2),
	(256,10093,'Which of the following drugs does NOT represent a class of drugs that should be administered in case of NYHA IV?',2),
	(257,10173,'What drug may be administered in case of atrial flutter with rapid ventricular response?',2),
	(258,40002,'What is NOT a contraindication for treatment with Digoxin_10173?',3),
	(259,20065,'Which is the primary target structure of Noradrenaline/Norepinephrine_10174?',1),
	(260,10174,'Which is the best choice as one of the drugs that should be given in case of septic shock as a vasopressor?',3),
	(261,20056,'What is the primary target structure of Dobutamine_10175?',2),
	(262,10175,'Which is the best choice as one of the drugs that should be given in case of cardiogenic shock?',2),
	(263,10176,'Which drug should be given in case of cardiac arrest as a vasoconstrictor?',1),
	(264,10176,'Which is the best choice as one of the drugs that should be given in case of anaphylactic shock as a vasopressor?',2),
	(265,20067,'What is the target structure of Atropine_10178?',1),
	(266,10178,'Which drug may be administered in case of acute sinus bradycardia?',2),
	(267,10103,'What drug is indicated in case of Prinzmetal\'s angina?',3),
	(268,10179,'Which is one of the drugs indicated in case of acute angina pectoris?',1),
	(269,10179,'Which of the following drugs is a prodrug and acts as a nitrovasodilator?',1),
	(270,20066,'The prodrug Glyceryl-trinitrate_10179 releases NO which has what structure as its primary effect structure?',2),
	(271,10180,'Which of the following drugs is a orally active, long acting, vasodilating drug?',3),
	(272,10178,'Which drug is NOT indicated in case of ACS (acute coronary syndrome)?',1),
	(273,10106,'Which drug is NOT indicated in case of ACS (acute coronary syndrome)?',1),
	(274,10081,'Which drug is NOT indicated in case of ACS (acute coronary syndrome)?',2),
	(275,10006,'Which of the following biologics can be used in certain cases of KRAS wild type colon cancer?',3),
	(276,50007,'What is a often observed complication of therapy with Cyclophosphamide_10114?',2),
	(277,10145,'Which co-drug is applied to avoid hemorrhagic cystitis during treatment with Cyclophosphamide_10114?',3),
	(278,10114,'Which drug is a so-called alkylating agent used for example in cancer therapy?',1),
	(279,40006,'What is an absolute contraindication for Thalidomide_10161?',1),
	(280,10163,'What drug may be indicated for second-line treatment of multiple myeloma?',3),
	(281,10121,'Which cytostatic drug is often used in neoadjuvant colorectal cancer treatment?',2),
	(282,20100,'What is the primary target structure of Vincristine_10139?',2),
	(283,10128,'Which drug has pulmonary fibrosis as one of its specific adverse effects during therapy?',2),
	(284,10133,'Which drug is a type II topoisomerase inhibitor?',3),
	(285,10138,'Which drug inhibits the correct formation of microtubules in cells?',2),
	(286,10130,'Which anticancer drug is particularly cardiotoxic?',3),
	(287,10140,'Which anticancer drug is particularly nephrotoxic?',3),
	(288,10142,'Which of the following drugs is an anticancer agent used for example in ovarian cancer?',1),
	(289,10150,'What biologic drug can be administered in treatment of positive V600E BRAF mutation melanoma?',3),
	(290,10135,'Which drug is a type I topoisomerase inhibitor?',2),
	(291,10118,'Which anticancer drug may be indicated in multiple myeloma treatment?',3),
	(292,10136,'Which of the following anticancer drugs has microtubules as its primary target structure?',2),
	(293,10113,'Which of the following anticancer drugs may be used in therapy of CLL or lymphomas?',3),
	(294,10125,'Which drug inhibits the dihydrofolate reductase and is thus an anticancer and an antirheumatic drug?',1),
	(295,30016,'What may be an indication for treatment with Mitoxantrone_10131?',3),
	(296,10129,'Which anticancer drug may be indicated in AML treatement?',3),
	(297,10131,'Which anticancer drug may be indicated in breast cancer treatement?',2),
	(298,30001,'Which of the following answers is NOT a possible indication of treatment with 6-Mercaptopurine_10132? ',2),
	(299,10122,'Which anticancer drug is particularly toxic for the cerebellum and thus may cause ataxia?',3),
	(300,10007,'Which drug is first line therapy of CML?',2),
	(301,10117,'Which of the following anticancer drugs belongs to the class of DNA alkylating agents?',1),
	(302,10124,'Which of the following drugs is a pyrimidine analog used in cancer therapy?',2),
	(303,10123,'Which of the following drugs is a purine analog used in cancer therapy?',3),
	(304,10119,'Which is one of the drugs used in the anti Hodkin lymphoma regimen BEACOPP?',3),
	(305,10020,'Which drug may be administered in advanced NSCLC in all lines of treatment for patients harbouring EGFR mutations?',3),
	(306,10019,'Which human monoclonal antibody is approved for second line treatment of metastatic melanoma?',3),
	(307,30024,'For which indication may Denosumab_10168 be administered?',3),
	(308,10169,'Which drug may be indicated for treatment of advanced renal cancer and in treatment of HCC?',3),
	(309,10171,'Which drug may be administered in case of Imatinib_10007 resistant CML?',3),
	(310,10116,'Which drug may be indicated for treatment of CLL?',3),
	(311,10127,'What of the following antibiotics is mainly used as chemotherapeutic and has bone marrow suppression as an important adverse effect?',1),
	(312,20095,'What is the primary target structure of Anastrozole_10164?',3),
	(313,10165,'Which of the following drugs may be indicated in adjuvant treatment of ER-positive breast cancer?',2),
	(314,10160,'Which drug is a estrogen receptor antagonist in breast tissue used for therapy of hormone receptor-positive breast cancer in pre- and postmenopausal women?',2),
	(315,20012,'What is the primary target structure of Tamoxifen_10160?',1),
	(316,10152,'Which drug is a selective retinoid X receptor (RXR) activater and is used in treatment of cutaneous T-cell lymphoma (CTCL)?',3),
	(317,20096,'What is the primary target structure of Abiraterone_10151?',3),
	(318,10151,'Which agent is used in castration-resistant prostate cancer to inhibit the synthesis of testosterone?',2),
	(319,20097,'What is the primary target structure of Bicalutamide_10153?',2),
	(320,10153,'Which drug is a non-steroidal anti-androgen used in the treatment of prostate cancer and hirsutism?',2),
	(321,20098,'What is the primary target structure of Buserelin_10154?',2),
	(322,10154,'Which drug may be administered in hormone-responsive prostate and breast cancer?',2),
	(323,10157,'Which of the following drugs is a so-called GnRH agonist which leads to the down-regulation of sex hormone production?',1),
	(324,10155,'Which of the following drugs is a so-called GnRH antagonist used in hormonal therapy against advanced prostate cancer?',3),
	(325,10158,'Which of the following drugs acts with the smiliar mode of action as does Goserelin_10157?',1),
	(326,10162,'Which agent leads to constant stimulation of the GnRH receptors in the pituitary gland?',2),
	(327,10193,'Which narcotic gas is best to use when using a laryngeal mask airway ventilation due to lesser irritation to mucous membranes?',3),
	(328,20084,'What is the primary target structure of Ketamine_10320?',3),
	(329,10320,'Which analgetic and sedative drug is often used in case emergency medicine if the patient is unstable and additional blood pressure decrease should be avoided?',3),
	(330,50028,'What is a often observed side effect of Ketamine_10320?',2),
	(331,10197,'Which drug should NOT be administered in case of allergy to soya extracts?',2),
	(332,10197,'Which drug is used for induction and maintenance of anesthesia?',1),
	(333,10321,'Which of the following sedatives may be used as a part of a rapid sequence induction to induce anaesthesia (e.g. in case of abdominal delivery)?',2),
	(334,10321,'Which sedative is best to use for induction of anesthesia in patients with pre-existing cardiovascular condition?',2),
	(335,20085,'What is one of the primary target structures of Sodium-thiopental_10195 and other barbiturates?',2),
	(336,50027,'What is a feared adverse effect in anasthesia with Desflurane_10192, Isoflurane_10194 or Sevoflurane_10193?',1),
	(337,10192,'Which of the volatile anesthetic drugs has the most rapid onset and offset due to its low solubility in blood?',3),
	(338,10193,'What drug has postoperative nausea and vomiting (PONV) as one of its common side effects?',2),
	(339,10194,'Which volatile anesthetic drug is mostly used in the third world due to its lower cost compared to the alternatives?',3),
	(340,10195,'Which of the following volatile anesthetic drugs has the strongest analgetic effect?',2),
	(341,10323,'Which of the following drugs may be indicated to facilitate endotracheal intubation?',1),
	(342,10324,'Which of the following drugs may be indicated to provide skeletal muscle relaxation during surgery or mechanical ventilation?',2),
	(343,10326,'Which muscle relaxant is a so-called depolarizing skeletal muscle relaxant drug?',1),
	(344,10327,'What is an agent for reversal of neuromuscular blockade of the skeletal muscle relaxant Rocuronium_10323?',2),
	(345,20049,'What is the primary target structure of Vecuronium_10325?',1),
	(346,10326,'Which of the following skeletal muscle relaxants may be used as a part of a rapid sequence induction to induce anaesthesia (e.g. in case of abdominal delivery)?',3),
	(347,10328,'Which is the only specific and effective treatment for malignant hyperthermia?',2),
	(348,10111,'Which drug may be administered to reverse the effects of non-depolarizing muscle relaxants as for example Cisatracurium_10324?',2),
	(349,10178,'Which drug should be given parallely to Neostigmine_10111 in an attempt to reverse the effects of non-depolarizing muscle relaxants as for example Rocuronium_10323?',3),
	(350,20086,'What is the primary target structure of Neostigmine_10111?',1),
	(351,10330,'Which drug may be used for intravenous regional anaesthesia (IVRA) due to its low cardiac toxicity?',3),
	(352,10106,'Which agent is often combined with Prilocaine_10330 in dermal anesthesia which may be applied to prevent pain associated with intravenous catheter insertion, blood sampling and superficial surgical procedures?',2),
	(353,10331,'Which drug may be administered in case of nerve block anesthesia?',2),
	(354,30033,'What is an indication for Ropivacaine_10329?',2),
	(355,20064,'What is the primary target structure of Mepivacaine_10331 and others comparable local anesthetics?',2),
	(356,10329,'What drug is often coadministered with Fentanyl_10371 for epidural analgesia, for example in pregnant women during labour?',2),
	(357,10203,'Which of the following drugs is a HMG-CoA reductase inhibitor?',1),
	(358,40014,'What is a contraindication for treatment with Atorvastatin_10198?',2),
	(359,20069,'What is the primary target structure of Pravastatin_10201?',1),
	(360,50014,'What is a common adverse effect of treatment with Simvastatin_10199?',1),
	(361,10201,'Treatment with which drug may have rhabdomyolysis as a rare but severe complication?',2),
	(362,10199,'Therapy with which drug requires regularly blood level control of CK?',2),
	(363,10198,'Which drug may be indicated for therapy of hypercholesterolaemia and was the best-selling pharmaceutical in 2010 (12,4$ billion)?',1),
	(364,10202,'Treatment with which drug may lead to higher risk of complications while therapy with Fluvastatin_10200?',3),
	(365,10200,'Which statin is best choice if therapy of hypercholesterolaemia is needed with a patient with kidney transplantation taking ciclosporin?',3),
	(366,20069,'What is the primary target structure of Atorvastatin_10198?',1),
	(367,10204,'Which drug may be indicated in therapy of hyperlipidaemia?',2),
	(368,10202,'Which of the following drugs is an activator of PPARα?',3),
	(369,10074,'Which of the following drugs is NOT indicated for treatment of glaucoma?',2),
	(370,10208,'Which drug is a optically applied carbonic anhydrase inhibitor?',2),
	(371,10207,'Which drug may be administered in case of acute angle closure glaucoma?',3),
	(372,10205,'Which drug is a prostaglandin F2α (PGF2α) analogue used for treatment of glaucoma?',2),
	(373,10073,'Which drug can be administered for treatment of glaucoma?',2),
	(374,10216,'Which of the following drugs may be administered in case of allergic rhinitis?',2),
	(375,10217,'Which drug is an α1 receptor antagonist?',3),
	(376,10210,'What is the most effective drug in treatment of peptic ulcer disease (PUD) and gastroesophageal reflux disease (GERD)?',1),
	(377,10209,'Which of the following drugs inhibits the H+/K+ ATPase?',1),
	(378,10210,'Which drugs is used as prophylaxis of gastic ulceration in therapy with NSAIDs?',1),
	(379,10211,'What drug may be administered in treatment of severe migraine and cluster headache?',3),
	(380,10267,'Which of the following drugs is NOT used in prophylaxis of migraine?',3),
	(381,10213,'Which of the following substances is a hormone produced in humans and a drug used in treatment of for example cardiovascular diseases, depression and seasonal affective disorder (SAD)?',1),
	(382,10212,'Which drug is used for treating alcohol dependence?',2),
	(383,10214,'Which drug is used to support the treatment of chronic alcoholism by producing an acute sensitivity to alcohol?',3),
	(384,10228,'Which of the following drugs is NOT indicated in case of acute gout attack?',2),
	(385,10228,'Which drug is a xanthine oxidase inhibitor?',1),
	(386,30039,'What is an indication for treatment with Allopurinol_10228?',1),
	(387,10227,'Which drug is used to treat hypothyroidism?',1),
	(388,50030,'What is a typical adverse effect in hormone replacement therapy with Levothyroxine_10227 which may lead to drug abuse in other cases?',1),
	(389,10383,'Which drug is an antithyroid agent used in treatment of thyrotoxic crisis?',3),
	(390,10226,'Which of the following drugs is a so-called biphosphanate used in treatment of female and male osteoporosis?',2),
	(391,10147,'What drug may be administered in case of hypercalcemia of malignancy?',2),
	(392,20012,'What is the primary target structure of the anti osteoporosis drug Raloxifene_10421? ',3),
	(393,30039,'What is NOT an indication for use of Zolendronic-acid_10149?',2),
	(394,10191,'Which of the following drugs is NOT a bisphosphanate used in therapy of osteoporosis and in cancers with high propensity to bone, such as multiple myeloma and prostate cancer?',2),
	(395,10146,'Which of the following drugs is approved treatment of osteoporosis by stimulating new bone formation?',3),
	(396,10408,'Which drug is approved for treatment of attention-deficit hyperactivity disorder (ADHD)?',2),
	(397,10409,'Which anticholinergic agent is used for treatment of abdominal cramping pain?',3),
	(398,20070,'What is the primary target structure of Finasteride_10218?',2),
	(399,30015,'What is an indication for treatment with Finasteride_10218?',1),
	(400,10219,'Which drug inhibits the formation of dihydrotestosterone (DHT)?',2),
	(401,10218,'Which drug may also be used in treatment of androgene alopecia?',3),
	(402,10218,'Which drug has erectile dysfunction as one of its common side effects?',1),
	(403,10220,'Which drug is a muscarinic acetylcholine receptor antagonist?',3),
	(404,10220,'Which drug may be administered in case of therapy of urge incontinence?',3),
	(405,10223,'Which of the following drugs is a PDE-5 inhibitor?',1),
	(406,20080,'Which is the primary target structure of Taldalafil_10222?',1),
	(407,10222,'Which drug may be indicated for treatment of erectile dysfunction?',1),
	(408,10221,'Which drug may be indicated for treatment with pulmonary arterial hypertension (PAH)?',2),
	(409,30021,'What may be in indication for treatment with Sildenafil_10221?',2),
	(410,10222,'Which drug may be dangerous due to possible hypotension when administered in combination with Glyceryl-trinitrate_10179?',2),
	(411,10224,'Which drug is useful in treating the hyperammonemia (in hepatic failure) causing encephalopathy and is also used in chronic constipation?',2),
	(412,10225,'Which of the following drugs is a μ-opioid receptor agonist in the myenteric plexus of the large intestines?',2),
	(413,10225,'Which of the following drugs is effective for treatment of different types of diarrhea?',1),
	(414,20019,'What is the primary target structure of Salbutamol_10240?',1),
	(415,10242,'Which of the following drugs is NOT a short-acting β2-adrenergic receptor agonist?',2),
	(416,10243,'Which of the following drugs is NOT a long-acting β2-adrenergic receptor agonist?',2),
	(417,20073,'What is the primary target structure of Montelukast_10246?',2),
	(418,10137,'Which of the following drugs is NOT used in treatment of asthma?',1),
	(419,20067,'What is the primary target structure of Tiotropium-bromide_10248?',1),
	(420,10247,'Which drug may be indicated in treatment of COPD?',1),
	(421,10246,'Which drug targets the leukotriene receptor in asthma therapy?',2),
	(422,20019,'What is the primary target structure of Terbutaline_10241?',1),
	(423,10247,'Which drug induces a broncho dilatation?',1),
	(424,40020,'What is a contraindication for treatment with Salmeterol_10242?',3),
	(425,10244,'What is a prodrug of Terbutaline_10241?',3),
	(426,10078,'Which of the following drugs is a competitive nonselective phosphodiesterase inhibitor and nonselective adenosine receptor antagonist?',2),
	(427,20071,'What is one of the primary target structures of Theophylline_10079?',2),
	(428,20074,'What is one of the primary target structures of Theophylline_10079?',2),
	(429,10016,'Which of the following drugs in NOT used in treatment of COPD?',3),
	(430,10248,'Which of the following drugs may be administered in treatment of COPD?',1),
	(431,10349,'Which of the following drugs is a protease inhibitor used in antiviral therapy?',3),
	(432,10252,'Which of the following drugs is an inhaled glucocorticoide?',3),
	(433,20075,'What is the primary target structure of Budesonide_10253?',1),
	(434,10253,'Which of the following drugs may be administered in treatment of COPD?',2),
	(435,10249,'Which of the following glucocorticoides is NOT used for inhaled application?',2),
	(436,40021,'What may be a relative contraindication for treatment of COPD with glucocorticoides?',3),
	(437,50015,'What is a common long-term adverse effect of therapy with glucocorticoides?',1),
	(438,10255,'Which of the following drugs has the highest glucocorticoide potency?',2),
	(439,10257,'Which drug may be administered in treatment of psoriasis, alopecia areata, vitiligo, lichen planus and other auto-immune diseases?',3),
	(440,10249,'Which drug belongs to a class of drugs that leads to inhibition of the NF-κB pathway and therefore acts as immunosuppressant?',1),
	(441,10255,'Long-term treatment with which drug may lead glaucoma and cataract?',2),
	(442,50031,'What is a possible adverse effect of treatment with Prednisone_10250 and other glucocorticoids?',2),
	(443,50032,'What is a possible adverse effect of treatment with Prednisolone_10249 and other glucocorticoids?',1),
	(444,10263,'Which of the classical histamine antagonists may be used as soporific?',3),
	(445,10264,'Which of the following drugs is a second-generation H1 histamine antagonist?',1),
	(446,20083,'What is the primary target structure of Cetirizine_10262?',2),
	(447,10266,'Which histamine antagonist drug is used to prevent nausea and motion sickness?',1),
	(448,10267,'Which is one of the drugs that may be given in an anaphylactical reaction?',3),
	(449,20082,'What is the primary target structure of Cimetidine_10269?',2),
	(450,10268,'Which of the following histamine antagonists may be administered in case of gastroesophageal reflux disease (GERD)?',2),
	(451,10267,'Which of the following histamine antagonists may be administered in case of allergic rhinitis?',3),
	(452,10262,'What drug has hay fever and other allergies as its primary indications?',1),
	(453,10238,'Which of the following drugs is a benzodiazepine?',1),
	(454,10236,'What drug shows the property of anterograde amnesia which is useful for premedication before surgery to inhibit unpleasant memories?',2),
	(455,10239,'Which drug may induce tolerance and a withdrawal syndrome after treatment longer than 4 weeks as do most of the drugs of its class?',1),
	(456,20085,'What is the primary target structure of Lorazepam_10239?',2),
	(457,30034,'What is a possible indication for treatment with Lorazepam_10239?',1),
	(458,10238,'Which of the following drugs may be used to treat panic attacks?',1),
	(459,30013,'What is NOT a possible indication for treatment with Flunitrazepam_10237?',2),
	(460,10237,'Which drug may be administered in case of muscle spasms due to its skeletal muscle relaxing effect?',2),
	(461,40022,'What is a contraindication for treatment with Midazolam_10236 and other drugs of its class?',3),
	(462,30036,'What is an indication for treatment with Zolpidem_10234?',1),
	(463,10235,'Which of the following drugs is effective in initiating sleep in case of insomnia?',2),
	(464,10234,'Which drug\'s effect can NOT be antagonized by Flumazenil_10156?',2),
	(465,10232,'Which of the following drugs is a 5-HT3 receptor antagonists?',2),
	(466,20087,'What is the primary target structure of Ondansetron_10233?',2),
	(467,10232,'Which drug may be administered in case of chemotherapy-induced nausea and vomiting (CINV)?',2),
	(468,10025,'Which of the following antidepressants shows good antiemetic effects?',3),
	(469,10233,'Which drug may be administered in case of postoperative nausea and vomiting (PONV)?',1),
	(470,20088,'What is one of the main target structures of Metoclopramide-(MCP)_10229?',2),
	(471,10270,'Which of these antiemetics is a H1 receptor antagonist often used to treat motion sickness?',3),
	(472,10229,'Which antiemetic drug may be administered off-label in case of gastroparesis?',3),
	(473,10231,'Which antiemetic drug has been found effective in treatment of paediatric gastroesophageal reflux (infant vomiting) as it can be administered rectally?',3),
	(474,10230,'Which antiemetic drug may be administered with a transdermal patch against sea sickness and therefore often by scuba divers?',3),
	(475,20067,'What is the primary target structures of Scopolamine_10230?',3),
	(476,10258,'Which is the antidote to intoxication with opiates?',1),
	(477,10156,'Which is the antidote to intoxication with benzodiazepines?',1),
	(478,10259,'Which is the antidote to poisoning with Atropa belladonna or Atropine_10178 overdose?',2),
	(479,10261,'Which of the following drugs is one of the possible antidotes in acute poisoning with cyanide?',3),
	(480,10260,'What is an antidote to acute Acetaminophen/Paracetamol_10367 intoxication?',1),
	(481,10259,'What is an antidote for acute anticholinergic syndrome?',2),
	(482,10036,'Intoxication with which drug may require hemodialysis?',3),
	(483,10061,'Overdose with which drug may require to take Vitamine K and FFP?',1),
	(484,10414,'What is the antidote to arsenic and mercury poisoning?',3),
	(485,10415,'What agent is used to treat iron poisoning in small children?',2),
	(486,10416,'Which of the following is a competitive inhibitor of alcohol dehydrogenase and may be used as antidote of acute methanol intoxication?',3),
	(487,10417,'Which agent is used as antidote for cesium and thallium poisoning?',3),
	(488,10292,'Which antibiotic can be used as prophylaxis against malaria?',2),
	(489,10332,'What is the second-line prophylaxis and treatment against malaria due to increasing resistance to Chloroquine_10334?',2),
	(490,10333,'Which antimalarial drug is used against Plasmodium vivax or Plasmodium orale?',2),
	(491,10334,'What is the classical antimalarial drug used in prophylaxis and treatment of non-resistant Plasmodium falciparum?',1),
	(492,10335,'Which drug is part of the ACT as the standard treatment of Plasmodium falciparum malaria?',3),
	(493,20091,'What is the primary target structure of Amphotericin-B_10339?',3),
	(494,20090,'What is the primary target structure of Caspofungin_10341?',2),
	(495,10336,'Which antimycotic is a good choice to treat invasive aspergillosis in immunocompromised patients?',2),
	(496,10340,'What antimycotic drug which is applied topically has good effect against dermatophytes?',2),
	(497,10342,'Which antimycotic may be administered in treatment of Tinea corporis or Tinea pedis?',2),
	(498,10337,'Which antimycotic is a good choice to treat systemic candidiasis in immunocompromised patients?',2),
	(499,10338,'Which drug may inhibit CYP3A4 as do most of its class and therefore lead to drug interactions?',3),
	(500,10339,'Which antimycotic drug is associated with high nephrotoxicity?',2),
	(501,10343,'Which of the following drugs is a topically available antimycotic with activity against Candida?',3),
	(502,10341,'Which drug is a potent antimyotic that is used in patients whose disease is refractory to Amphotericin-B_10339 and Voriconazole_10336?',2),
	(503,10344,'What of the following antiretroviral drugs is a so-called entry inhibitor and a CCR5 receptor antagonist used in the treatment of HIV infection?',2),
	(504,10345,'Which anti-HIV drug is a so-called integrase inhibitor?',2),
	(505,10346,'Which NRTI is used in HIV and in HBV therapy?',3),
	(506,10359,'Which drug is a protease inhibitor used in HBV therapy?',3),
	(507,30015,'What is an indication for treatment with Ribavirine_10351?',1),
	(508,10347,'Which antiviral drug is indicated for treatment of CMV?',1),
	(509,10348,'Which drug should be administered in treatment of VZV?',1),
	(510,10059,'Which of the following drugs is NOT used in HCV therapy?',2),
	(511,10347,'Which of the following anti-HIV drugs is NOT a NRTI?',3),
	(512,10354,'Which drug is a protease inhibitor used in HIV therapy?',3),
	(513,10356,'Which protease inhibitor is often prescribed for HAART because it boosts the effect of the other protease inhibitors?',3),
	(514,20089,'What is the primary target structure of Oseltamivir_10422?',2),
	(515,10357,'Which of the following drugs is an inhaled antiviral drug used for the treatment of infections caused by influenza A virus and influenza B virus?',3),
	(516,10358,'Which of the following drugs is an example for a NNRTI used in HAART therapy?',3),
	(517,10314,'What anticonvulsant may be used for treatment of trigeminal neuralgia?',2),
	(518,10362,'Which anti inflammatory drug is indicated for treatment of rheumatoid arthritis?',1),
	(519,10363,'Which of the following drugs is a nonselective COX inhibitor?',1),
	(520,10364,'Which of the following drugs belongs to Step I of the World Health Organization (WHO) scheme (\"pain ladder\") for treatment of chronic pain in cancer treatment?',1),
	(521,10063,'Which of the following NSAIDs is the only one for which treatment is NOT associated with increased risk of heart disease?',2),
	(522,10380,'Which of the following drugs is a well tolerated NSAIDs used for reduction of pain, fever and inflammation in various diseases?',1),
	(523,10366,'Which of the following drugs is a selective COX-2 inhibitor?',1),
	(524,10063,'Which drug is associated with the so-called Reye\'s syndrome in children?',3),
	(525,10063,'Which drug is a nonselective irreversible COX inhibitor?',1),
	(526,10364,'Which drug may be administered in acute gout attack?',2),
	(527,10367,'Which drug\'s overdose is the foremost cause of acute liver failure in the Western world?',1),
	(528,10366,'Which drug has very good effect in pain treatment of osteoarthritis?',1),
	(529,10366,'What drug is contraindicated in case of cardiovascular condition of the patient?',1),
	(530,10360,'What drug may be administered for post operativ pain relief?',2),
	(531,50024,'What is a rare but associated adverse effect of Metamizole_10360?',2),
	(532,50008,'Long-term and high dosage use of Ibuprofen_10362 may lead to which adverse effect?',3),
	(533,10367,'Which drug should be administered to lower fever in children?',2),
	(534,10368,'Which of the following opioids has a so-called ceiling effect for respiratory depression?',3),
	(535,10369,'Which of the following opioids has the highest analgesic potency?',3),
	(536,10371,'Which of the following opioids is about 100 times more potent than Morphine_10370?',2),
	(537,10372,'Which of the following drugs is an opioid receptor antagonist used in the management of alcohol dependence?',3),
	(538,20092,'What is one of the primary target structures of Tramadol_10373?',1),
	(539,10375,'Which of the following drugs may be used for alcohol detoxification in long-term maintenance treatment?',3),
	(540,10376,'Which opioid has strong antitussiv effect?',1),
	(541,10378,'Which drug is commonly used for the treatment of postoperative pain?',2),
	(542,10368,'Which opioid in treatment of chronic pain has the possibility to be applied transdermally?',3),
	(543,10377,'Which drug is a potent ultra short-acting synthetic opioid analgesic drug given to patients during surgery?',3),
	(544,50029,'What is a common side effect of Morphine_10370 and other opioids?',2),
	(545,10379,'Which opioid is available in a fixed combination with Naloxone_10258 for oral administration to lower the abuse liability?',3),
	(546,10374,'What drug may be indicated in case of moderate pain during cancer treatment?',2),
	(547,10370,'What drug may be indicated in case of severe pain during cancer treatment?',1),
	(548,10361,'Which drug may be administered to ease neuropathic pain due to cancer?',2),
	(549,10317,'Which drug may be administered in case of postherpetic neuralgia caused by VZV?',2),
	(550,40023,'What is a contraindication for treatment with TNFα inhibitors like Adalimumab_10009 and Etanercept_10004?',1),
	(551,20093,'What is the primary target structure of Ciclosporin_10385?',2),
	(552,20094,'What is the primary target structure of Temsirolimus_10143?',3),
	(553,10144,'What drug inhibits the intracellular NF-AT activity?',3),
	(554,10385,'Which of the following drugs has a high nephro- and hepatotoxicity?',2),
	(555,10143,'Which drug may be indicated for treatment of renal cell carinoma (RCC)?',2),
	(556,10144,'Which of the following drugs is a potent immunosuppressant used as part of a post-transplant cocktail after transplantation of liver, kidneys, heart, lung or other organs?',2),
	(557,10388,'Which of the following drugs is a mTOR inhibitor used as an immunosuppressant to prevent rejection of organ transplants?',3),
	(558,20009,'What is the primary target structure of immunosuppressant Daclizumab_10384?',3),
	(559,10389,'Which of the following drugs is a so-called disease-modifying antirheumatic drug (DMARD) used in active rheumatoid arthritis and psoriatic arthritis?',3),
	(560,10390,'What drug may be administered as first-line treatment of ulcerative colitis?',3),
	(561,10375,'Which of the following drugs is NOT used in treatment of IBD?',3),
	(562,20005,'What is the primary target structure of Infliximab_10391?',1),
	(563,10392,'Which drug has CD25 as its primary target structure?',3),
	(564,10334,'Which antimalarial drug may also be used in treatment of SLE?',2),
	(565,10015,'Which biologic may be administered in treatment of severe SLE?',3),
	(566,10423,'Which of the following immunosupporessants is in use for the prevention of organ transplant rejection and in treatment of lupus nephritis?',3),
	(567,40007,'What is a contraindication for treatment with Metformin_10394?',3),
	(568,10394,'What is the first-line drug of choice for the treatment of type 2 diabetes in overweight patients?',1),
	(569,10398,'Which of the following agents is NOT a rapid-acting insulin analogue?',3),
	(570,10396,'Which of the following insulin agents has the shortest delay of onset when injected subcutaneously?',3),
	(571,50033,'What is a common adverse effect of treatment with NPH-insulin_10401 and any other injected insulin agent?',1),
	(572,10400,'What is a so-called ultralong-acting basal insulin analogue?',3),
	(573,10399,'Which of the following insulin agents is used to maintain basal insulin level in patients with diabetes?',2),
	(574,20101,'What is the primary target structure of Pioglitazone_10402?',3),
	(575,10402,'Which of the following drugs reduces insulin resistance in the liver and peripheral tissues and increases the expense of insulin-dependent glucose?',2),
	(576,10403,'Which of the following diabetes drugs stimulates pancreatic beta cells to increase insulin release?',3),
	(577,10404,'Which of the following drugs is used to treat type 2 diabetes mellitus?',2),
	(578,10405,'Which of the following drugs is GLP-1 agonist approved for treatment of type 2 diabetes mellitus?',2),
	(579,10406,'Which of the following drugs inhibits α-glucosidase?',2),
	(580,20063,'What is the primary target structure of Repaglinide_10407?',3),
	(581,30042,'What is acute indication for IV application of an insulin and glucose?',2),
	(582,20086,'What is the primary target structure of Pyridostigmine_10410?',2),
	(583,10410,'Which drug is in use for symptomatic therapy of Myasthenia Gravis?',2),
	(584,30043,'What is an indication for short high dose treatment with Methylprednisolone_10411? ',2),
	(585,20015,'What is the primary target structure of the drug Natalizumab_10412 which inhibits immune cells from crossing blood vessel walls to reach affected organs?',3),
	(586,10412,'Which of the following biologics is approved for treatment of mulitple scelorsis (MS) and Crohn\'s disease (CD)?',3),
	(587,10413,'Which immunomodulating drug is approved for treatment of multiple scelorsis (MS)?',3),
	(588,10074,'Which of the following drugs is highly selective for the mineralocorticoid receptor (MR)?',1),
	(589,10282,'Which of the following drugs is NOT contraindicated during pregnancy?',1),
	(590,20119,'Which is the primary target structure of Tazobactam_10286?',2),
	(591,20124,'What is the primary target structure of Lamivudine_10346?',3),
	(592,10264,'Which of the following drugs ist NOT used (also off-label) as tocolytic (labor repressant)?',2),
	(593,10440,'Which drug is a oxytocin antagonist which is used as anti-contraction medication during labor (tocolytic)?',3),
	(594,20112,'What is one of the target structures of Mitoxantrone_10131?',3),
	(595,10071,'Longterm application of which drug may lead to hirsutism and gynecomastia?',3),
	(596,10298,'Salpingitis is commonly treated with a combination of antibiotics that covers gonorrhea, chlamydia and anaerobic bacteria; which antibiotic is NOT part of this combination?',2),
	(597,10271,'Which antibiotic can cross the blood brain barrier?',3),
	(598,10386,'Which drug is a SERM that blocks the negative feedback of estrogen in the hypothalamus and is thus prescribed as fertility drug?',2),
	(599,20065,'What is the primary target structure of Tamsulosin_10159?',2),
	(600,20013,'What is the primary target structure of the abortifacient Mifepristone_10387?',2);

/*!40000 ALTER TABLE `question` ENABLE KEYS */;
UNLOCK TABLES;


# Dump of table target
# ------------------------------------------------------------

DROP TABLE IF EXISTS `target`;

CREATE TABLE `target` (
  `id` int(11) NOT NULL,
  `description` varchar(255) COLLATE utf8_unicode_ci NOT NULL,
  PRIMARY KEY (`id`),
  CONSTRAINT `FK_466F2FFCBF396750` FOREIGN KEY (`id`) REFERENCES `answer` (`id`) ON DELETE CASCADE
) ENGINE=InnoDB DEFAULT CHARSET=utf8 COLLATE=utf8_unicode_ci;

LOCK TABLES `target` WRITE;
/*!40000 ALTER TABLE `target` DISABLE KEYS */;

INSERT INTO `target` (`id`, `description`)
VALUES
	(20000,'CD20 is a glycoprotein that is present on the surface of mature B lymphocytes.'),
	(20001,'Tyrosine kinase is an enzyme that can transfer a phosphate group from ATP to a tyrosine rest on proteins in a cell. Many cell surface receptors are so-called tyrosine kinase receptors.'),
	(20002,'CD 52 is a glycoprotein that is present on the surface of mature lymphocytes.'),
	(20003,'CD19 is a glycoprotein that is expressed on the surface of follicular dendritic cells and B cells. It is present on B lymphocytes from earliest recognizable B-lineage cells during development but is lost on maturation to plasma cells.'),
	(20004,'The IL-1 receptor is a cytokine receptor which binds IL-1 which is a cytokine protein that is produced by tissue macrophages, monocytes, fibroblasts, dendritic cells,  B lymphocytes, NK cells and epithelial cells that plays a central role in the regulatio'),
	(20005,'TNFα is a proimflammatoric cytokine that stimulate the acute phase reaction and has an important role in the regulation of immune cells. It is produced mainly by activated macrophages (M1) but also by CD4-T-cells, NK cells, and other cell types.'),
	(20006,'IL-6 receptor is the receptor of the cytokine IL-6 which is secreted by T cells, macrophages, smooth muscle cells and other cell types to stimulate immune response. IL-6 is an important mediator of fever and of the acute phase response. '),
	(20007,'The proteasome is a intracellular protein complex whose main function is to degrade unneeded or damaged proteins by proteolysis. Inhibiting the function of the proteasome leads to cell death.'),
	(20008,'C5 (Complement component 5) is a protein and a component of the complement system which plays an important role in inflammatory and cell killing processes. It is cleaved into C5a and C5b which possesses potent chemotactic activity and forms part of the me'),
	(20009,'CD25 is the alpha chain of the IL-2 receptor. It is a transmembrane protein present on activated T cells, activated B cells and other cell types.'),
	(20010,'RANKL (Receptor activator of nuclear factor kappa-B ligand) is a cell surface-bound protein found on osteoblasts. By binding osteoclasts\' surface-bound receptor activator of nuclear factor kappa-B (RANK) it triggers activation of these cells. '),
	(20011,'HER2 is a member of the epidermal growth factor receptor (EGFR) family. Overexpression of this receptor has important role in the development and progression of certain aggressive types of breast cancer.'),
	(20012,'The estrogen receptor (ER) is a member of the nuclear hormone family of intracellular receptors  that is activated by the hormone estrogen (17β-estradiol). Once activated it is able to translocate into the nucleus and bind to DNA to regulate the activity '),
	(20013,'The progesterone receptor (PR) is a member of the nuclear hormone family of intracellular receptors  that is activated by the hormone progesterone. Once activated it is able to translocate into the nucleus and bind to DNA to regulate the activity of diffe'),
	(20014,'VEGF is a signal protein produced by cells that stimulates vasculogenesis and angiogenesis.'),
	(20015,'α4 integrin is an important adhesion molecule that mediates binding of lymphocytes, monocytes, and eosinophils to multiple cellular and extracellular ligands.'),
	(20016,'EGFR is a cell-surface receptor and a member of the ErbB family of receptors, a subfamily of closely related receptor tyrosine kinases. It is activated by binding of its specific ligands (including EGF and TGFα) and then forms homodimer initiating the tra'),
	(20017,'Dihydropyridine receptors are long-lasting (referring to the length of activation) voltage-dependent calcium channels responsible for excitation-contraction coupling of skeletal, smooth, and cardiac muscle. L-type calcium channel is a synonym.'),
	(20018,'The β3 receptor, also β3 adrenergic receptor, is a G-protein coupled receptor that are found mainly in the gallbladder, urinary bladder and in brwon adipose tissue. Upon activation by binding of epinephrine/adrenaline, norepinephrine/noradrenaline or an a'),
	(20019,'The β2 receptor, also β2 adrenergic receptor, is a G-protein coupled receptor found in smooth muscles in the GI tract, the uterus, the seminal tract and most importantly in the bronchi. Upon activation by epinephrine/adrenaline, norepinephrine/noradrenali'),
	(20020,'Dopamine is a catecholamine and acts as neurotransmitter in the brain. It plays an important role in motor control, motivation, arousal, cognition, and reward, as well as a number of basic lower-level functions including lactation, sexual gratification, a'),
	(20021,'Noradrenaline/Norepinephrine is a catecholamine with multiple roles including as a hormone and as a neurotransmitter.'),
	(20022,'Serotonin is a monoamine derived from tryptophan mainly found in in the gastrointestinal (GI) tract, platelets and in the central nervous system (CNS).'),
	(20023,'Acetylcholine is a neurotransmitter that acts on both the peripheral nervous system (PNS) and central nervous system (CNS) and is the only neurotransmitter used in the motor division of the somatic nervous system. It is also the principal neurotransmitter'),
	(20024,'Monoamine oxidase A, also known as MAO-A, is an enzyme that preferentially deaminates norepinephrine (noradrenaline), epinephrine (adrenaline) and serotonin but also dopamine which leads to their inactivation. '),
	(20025,'Catechol-O-methyltransferase (COMT) is an enzyme that degrade catecholamines such as dopamine, epinephrine, and norepinephrine by introducing a methyl group to the catecholamine, which is donated by S-adenosyl methionine (SAM).'),
	(20026,'Monoamine oxidase B, also known as MAO-B, is an enzyme that mainly deaminates dopamine (DA) and thus leads to its inactivation.'),
	(20027,'Thrombin, also called factor IIa, is a serine protease that converts soluble fibrinogen into insoluble strands of fibrin, as well as catalyzing many other coagulation-related reactions (thrombin acts to convert factor XI to XIa, VIII to VIIIa, V to Va, an'),
	(20028,'Prothrombin (factor II) is a protein of the coagulation cascade and is proteolytically cleaved by factor Xa to form thrombin.'),
	(20029,'Factor IX is the inactive precursor of the active factor IXa that acts as a serine protease in the coagulation system once it is proteolytically cleaved by a complex of factor VIIIa, calcium and membran phospholipids. Deficiency of factor IX causes hemoph'),
	(20030,'Factor X is an enzyme of the coagulation cascade, acts as serine endopeptidase and is synthesized in the liver where it requires vitamin K for its synthesis. It is activated into factor Xa by both factor IX (with its cofactor factor VIII) and factor VII ('),
	(20031,'Factor VII is the inactive precursor of the active serine protease factor VIIa. Factor VIIa forms a conjunction with tissue factor (TF, factor III) to initiate the process of coagulation in blood vessels. The most important substrate of factor VIIa/TF is '),
	(20032,'Factor VIII is bound to vWF in the inactive state. Once it is activated by thrombin (factor IIa) to factor VIIIa it separates from vWF and forms a complex with other proteins of the coagulation cascade to further activate factor X to factor Xa. Deficiency'),
	(20033,'COX-1 (cyclooxygenase 1) is one of three known COX isoenzymes. COX-1 is considered a constitutive enzyme found in almost all tissues especially in the gastric mucosa and the kidneys. It converts arachidonic acid (AA) to prostaglandin H2 which is a precurs'),
	(20034,'P2Y12 receptor is an adenosine diphosphate (ADP) chemoreceptor found mainly but not exclusively on the surface of blood platelets and acts therefore as an important regulator in blood clotting.'),
	(20035,'COX-2 (cyclooxygenase 2) is one of three known COX isoenzymes. COX-2 is unexpressed under normal conditions in most cells, but upregulated during inflammation in cells immune cells, endothelias cells, fibroblasts and other cell types. It converts arachido'),
	(20036,'GP IIb/IIIa is an integrin complex found on platelets, acts as receptor for fibrinogen and thus leads to further platelet activation when bound by fibrinogen.'),
	(20037,'GPIb-V-IX is a protein complex on platelets that binds von Willebrand factor, allowing platelet adhesion and platelet plug formation at sites of vascular injury.'),
	(20038,'COX (cyclooxygenase) is a group of three known isoenzyms COX-1, COX-2 and COX-3 that are expressed in different tissues and cell types. It converts arachidonic acid (AA) to prostaglandin H2 which is a precursor of other active molecules such as for exampl'),
	(20039,'AT-III (antithrombin III) is a serine protease inhibitor (serpine) that targets and thus inhibits the function of the following factors of the coagulation pathway: F Xa, F IXa, F XIa, F XIIa and most importantly F IIa (thrombin). Its effect is enhanced st'),
	(20040,'Factor XIII is a transglutaminase that is activated by thrombin to factor XIIIa. Upon activation it catalyzes formation of covalent cross-links between fibrin molecules which leads to an insoluble clot.'),
	(20041,'Vitamin A is a group of fat-soluble nutritional organic compounds, including retinol, retinal, retinoic acid, and several carotenoids, among which beta-carotene is the most important. It has multiple functions as it is among others important for growth an'),
	(20042,'Vitamin B12, also called cobalamine, is a water-soluble compound that plays among others an important role in the normal functioning of the brain and nervous system, and for the formation of blood. Intrinsic factor (IF) from the parietal cells in the stom'),
	(20043,'Vitamin D3, also called cholecalciferol, belongs to the fat-soluble vitamins and is among others important for calcium and phosphate homeostasis. It can also be synthesized by the body starting from cholesterol and with steps in the skin (sun exposure nee'),
	(20044,'Vitamin K s a group of structurally similar, fat-soluble vitamins that the body requires for blood coagulation, and in metabolic pathways in bone and other tissue. It plays among others an crucial role as a cofactor in the liver for the synthesis of facto'),
	(20045,'Vitamin C, also known as ascobic acid, is a water-soluble organic compound that acts as cofactor in different enzymatic reaction, including collagen synthesis, and is considered to act as an antioxidant against oxidative stress. Deficiency leads to scurvy'),
	(20046,'The Na-K-Cl cotransporter (NKCC) is a cell membrane protein that aids in the active transport of sodium, potassium, and chloride into and out of cells. NKCC2 is found specifically in the thick ascending limb of the loop of Henle in nephrons in the kidney '),
	(20047,'ROMK (renal outer medullary potassium channel) is an ATP-dependent potassium channel that transports potassium out of cells and plays an important role in potassium recycling in the thick ascending limb and potassium secretion in the cortical collecting d'),
	(20048,'CFTR (cystic fibrosis transmembran conductance regulator) is a chloride ion channel in epithelial cell membranes in the lung, liver, pancreas, GI, reproductive tract, skin and other tissues. Mutations of CFTR leads to cystic fibrosis.'),
	(20049,'Nicotinic ACh receptor is a ligand-gated non-selective cation channel found on the presynaptic and postsynaptic sides of certain neurons in the CNS and in the neuromuscular junction. Upon ACh binding the channel opens which leads to depolarization of the '),
	(20050,'Na/K-ATPase (also known as the sodium-potassium pump) is an ATP-dependent antiporter in the cell membrane of all animal cells that pumps sodium out and potassium into cells. As such it maintains the resting potential, regulates cellular volume and forms c'),
	(20051,'ENaC (epithelial sodium channel) is a membrane-bound ion-channel mainly found in apical membrane of polarized epithelial cells in the collecting tubules in the kidney. It is involved in the transepithelial sodium ion transport, which it accomplishes toget'),
	(20052,'AT1 receptor or angiotensin II receptor type 1 is a G-coupled protein receptor in the membrane of vascular smooth muscle cells that upon binding of angiotensin II leads to vasoconstriction. It is also expressed on other tissues (kidney, brain, heart) wher'),
	(20053,'AT2 receptor or angiotensin II receptor type 2 is less well studied than the AT1 and plays no important role in pharmacology. It is thought to mediate effects in cell growth, fetal tissue development, apoptosis, and cellular differentiation.'),
	(20054,'Angiotensin-converting enzyme (ACE) is an enzyme produced in the lungs, the kidneys and by endothelias cells. It converts angiotensin I to angiotensin II, which acts as a strong vasoconstrictor. ACE also degrades bradykinin.'),
	(20055,'Renin is an enzyme that is secreted from cells of the juxtaglomerular apparatus in the kidney. It then activates the renin-angiotensin system by cleaving angiotensinogen, which is produced in the liver, to yiel angiotensie I.'),
	(20056,'The β1 receptor, also β1 adrenergic receptor, is a G-protein coupled receptor predominantly expressed on cell membranes in cardiac tissue. Upon activation by epinephrine/adrenaline, norepinephrine/noradrenaline or an agonist agent it has a positive inotro'),
	(20057,'The α2 receptor, also α2 adrenergic receptor, is a G-protein coupled receptor mainly expressed in the PNS and the CNS where it is located on presynaptic and postsynaptic sides. Upon activation by epinephrine/adrenaline, norepinephrine/noradrenaline or an '),
	(20058,'Bradykinin is an active peptide of the kinin group of protein produced from HMWK by proteolytic cleavage catalyzed by kallikrein during inflammation reaction and in case of tissue damage. It leads to endothelium-dependent vasodilatation, bronchi constract'),
	(20059,'Histamine is an organic nitrogen compound derived from the amino acid histidine. It is involved in local immunre responses as well as regulating functions in the GI and as a neurotransmitter in the brain. As part of immune response histamine is produced b'),
	(20060,'Substance P is a neuropeptide that acts as a neurtransmitter and as a neuromodulator. It is found in the brain and spinal cord and in the terminals of specific sensory nerves where it is associated with inflammatory processes and pain.'),
	(20061,'Ryanodine receptor (RyR) is an intracellular calcium channel in excitable cells like muscle and neurons. The RyR1 is primarly expressend in skeletal muscle, RyR2 in myocard cells, RyR3 mainly in the brain. They all mediate the release of calcium from the '),
	(20062,'L-type calcium channels are long-lasting (referring to the length of activation) voltage-dependent calcium channels responsible for excitation-contraction coupling of skeletal, smooth, and cardiac muscle. Dihydropyridine receptor is a synonym.'),
	(20063,'Potassium channels are found in most cell types widely distributed in all tissues. In excitable cells such as neurons they shape action potentials and set the resting membrane potential. They contribute to the regulation of action potential duration in ca'),
	(20064,'Sodium channels are integral membrane proteins in excitable cells such as neurons, myocytes, certain types of glia and other cell types, and that upon activation are responsible for the rising phase of action potentials. There exist many different types o'),
	(20065,'The α1 receptor, also α1 adrenergic receptor, is a G-protein coupled receptor predominantly expressed in smooth muscle cells of small blood vessels (skin, sphincters in GI, kidney, etc.) and in the PNS and CNS. Upon activation by epinephrine/adrenaline, n'),
	(20066,'Guanylate cyclase (GC) in a lyase enzyme that synthesizes cGMP from GTP upon stimulation by high intracellular calcium levels.'),
	(20067,'Muscarinic ACh repectors are G protein-receptor complexes in the cell membranes that are activated upon binding of ACh. They are found extensively in the brain and in autonomic nerval system, but also in many other tissues. M1 to M5 muscarinic receptor ex'),
	(20068,'Adenylate cyclase (AC)  in a lyase enzyme with key regulatory roles in nearly all cells with many different effects where it synthesizes cAMP from ATP. It is mostly activated when transducing extracellular signals into intracellular responses.'),
	(20069,'HMG-CoA reductase is the rate-controlling enzyme of the metabolic pathway that produces cholesterol. '),
	(20070,'5α-reductase it an enzyme that plays a role in bile acid biosynthesis, androgen metabolism and estrogen metabolism. There are three isoenzymes of 5-alpha reductase, which vary in different tissues with age. Pharmacologically interesting is especially the '),
	(20071,'Adenosine receptor is a G protein-coupled receptor found ubiquitous throughout the entire body. There exist four different subtypes A1, A2a, A2b and A3. The A1 and A2a play a role in regulating myocardial oxygen consumption and coronary blood flow. A2a re'),
	(20072,'Immunoglobulin E (IgE) is a class of antibody found only in mammals where its main function is immunity to parasites. IgE receptors are found on mast cells and it thus plays an essential role in type I hypersensitivity. mIgE is membrane-bound IgE.'),
	(20073,'The leukotriene receptor is a G protein-coupled receptor and upon binding and thus activation by the leukotrienes LTD4, LTC4 and LTE4 it leads to contraction and proliferation of smooth muscle, edema, easinophil migration and damage in the mucus layer in '),
	(20074,'PDE (phosphodiesterase) is a group of enzymes that degrades the phosphodiester bond in the second messenger molecules cAMP and cGMP leading to decrease of their concentration and thus to a weaker effect. There exist different subtypes of PDE.'),
	(20075,'The glucocorticoid receptor (GR) is a cytosolic receptor expressed in almost every cell in the body that upon binding and activation by glucocorticoids regulates genes controlling the development, metabolism and immune response. It has pleiotropic effects'),
	(20076,'30S bacterial ribosome subunit is the smaller subunit of the 70S bacterial ribosome that performs the mRNA translation in bacteria.'),
	(20077,'Bacterial DNA-dependent RNA polymerase is the enzyme that performs the transcription process in bacteria.'),
	(20078,'DNA gyrase is a procaryotic type II topoisomerase and as such an enzyme that relieves strain while double-stranded DNA is being unwound by helicase during DNA replication process in bacteria.'),
	(20079,'50S bacterial ribosome subunit is the larger subunit of the 70S bacterial ribosome that performs the mRNA translation in bacteria.'),
	(20080,'PDE-5 highly expressed in the corpus cavernosum and in the retina. It cleaves a covalent bond in cGMP and leads to its degradation. PDE-5 inhibitors thus lead to high cGMP levels which then results in vasodilatation.'),
	(20081,'Dopamine receptor is a G protein-coupled receptor expressed various tissues such as the CNS, intestines and other tissues. Upon activation by binding of dopamine it has pleiotropic effects in neurological processes including motivation, pleasure, cognitio'),
	(20082,'H2 receptor is a histamine receptor of the G-protein type and is expressed on cell membranes in gastric parietal cells, smooth muscles, on vascular endothelial cells, in the heart, in the central nervous system, uterus and in other tissues. Its activation'),
	(20083,'H1 receptor is a histamine receptor of the G-protein type and is expressed on cell membranes in smooth muscles, on vascular endothelial cells, in the heart, in the central nervous system and in other tissues. Its activation leads to ileum contraction, itc'),
	(20084,'NMDA receptor is a ionotropic glutamate receptor that plays a crucial role in synaptic plasticity in the CNS.'),
	(20085,'GABAa receptor is an ionotropic receptor and ligand-gated ion channel on cell membranes of neurons in the CNS that upon binding of GABA leads to opening of chloride channels and thus results in hyperpolarization of the neuron.'),
	(20086,'Acetylcholinesterase, also known as AChE, is a serine protease that hydrolyzes the neurotransmitter acetylcholine. It is found at neuromuscular junctions and cholinergic brain synapses, where its activity serves decrease ACh concentration and thus to term'),
	(20087,'5-HT3 receptor is a ligand-gated cation channel in the CNS and PNS that is activated upon binding of serotonin. Activation in the CNS (brain stem) leads among others to nausea and vomiting and anxiety; activation in the PNS leads among others to neuronal '),
	(20088,'Dopamine D2 receptor is a G protein-coupled receptor in the brain and other tissues that upon activation leads to decrease of intracellular cAMP levels by inhibition of AC. It has many different effects, one of which is the triggering of nausea and vomiti'),
	(20089,'Neuraminidase is an enzyme that cleave the glycosidic linkages of neuraminic acids. It is present in many organisms among them on the surface of influenca virus where it is a drug target.'),
	(20090,'Fungal cell wall mostly consists of chitin, other polysaccharides and glycoproteins.'),
	(20091,'Fungal cell membrane is similar to animal cell membrans but among other differences uses ergosterol instead of cholesterol to maintain plasma membrane structure and function.'),
	(20092,'The μ-opioid receptor (MOR) is a G protein-coupled receptor with high affinity for enkephalin and β-endorphin but low affinity for dynorphin. It is found in the periaqueductal gray (PAG) region, in the superficial dorsal horn of the spinal cord, in the GI'),
	(20093,'Calcineurin (CN) is a protein phosphatase that activates the transcription factor NFAT (nuclear factor of activated T cell) in T cells that leads to transcpition of IL-2 genes.'),
	(20094,'mTOR (mammalian target of rapamycin) is a serine/threonine protein kinase that plays an important role in regulation of cell growth, cell proliferation, cell motility, cell survival, protein synthesis and transcription.'),
	(20095,'Aromatase is an enzyme of the cytochrome P450 superfamily localized in the endoplasmic reticulum where it is regulated by tissue-specific promoters that are controlled by hormones and cytokines. It is responsible for the conversion of androgenes to estrog'),
	(20096,'17α-hydroxylase is an enzyme of the cytochrome P450 superfamily localized in the endoplasmic reticulum and converts pregnenolone and progesterone to their 17-hydroxy forms.'),
	(20097,'The androgen receptor (AR) is a nuclear receptor present in many different tissues. It is activated upon binding of testosterone or dihydrotestosterone and acts as transcription factor that regulates the transcription of genes for the development and main'),
	(20098,'GnRH receptor (Gonadotropin-releasing hormone receptor) is a G-protein coupled receptor expressed on the surface of pituitary gonadotrope cells as well as lymphocytes, breast, ovary and prostate. Upon activation by binding of GnRH produced in the hypothal'),
	(20099,'Imidazol 1 (I1) receptor mediates the sympatho-inhibitory actions of imidazolines to lower blood pressure. This receptor subtype is found in both the rostral ventro-lateral pressor and ventromedial depressor areas of the medulla oblongata. I2 and I3 recep'),
	(20100,'Microtubules are a polymer component of the cytoskeleton made by the protein monomer tubulin and found throughout the cytoplasm of most cells. '),
	(20101,'PPAR-γ is a nuclear receptor (PPAR-γ1 found in nearly all tissues except muscle; PPAR-γ2 mostly found in adipose tissue and the intestine) that plays an important role in the regulation of fatty acid storage and glucose metabolism. It stimulates lipid and'),
	(20102,'B-cell activating factor (BAFF), also known as B lyompocyte stimulator (BLyS) is a cytokine expressed in some immune cells and that is involved in the positive regulation of B cell development.'),
	(20103,'B-Raf is a serine/threonine-protein kinase and forms part of severel intracellular transduction pathways such as MAP kinase / ERKs signaling pathway which affect cell division, differentiation and secretion.'),
	(20104,'The mineralocorticoid receptor (MR), also known as the aldosterone receptor, belongs to the cytosolic receptor family and is expressed in many tissues, such as the kidney, colon, heart, central nervous system and others. In epithelial tissues, its activat'),
	(20105,'Voltage-dependent calcium channels (VDCC) are channels with a permeability to the calcium ion Ca2+. Thay are found in the membrane of excitable cells (e.g., muscle, glial cells, neurons, etc.). L-type calcium channels are a subtype of VDCCs found mainly o'),
	(20106,'Vasopressin (ADH) receptor 2, also arginine-vasopressin receptor 2 (AVPR2), is a G-protein-coupled receptor mainly found in the cells of the collecting duct system in the kidney. Its activation by binding of vasporessin (ADH) leads to increased synthesis '),
	(20107,'The sodium-chloride symporter (Na+-Cl− cotransporter, NCC) is a cotransporter in the kidney which has the function of reabsorbing sodium and chloride ions from the tubular fluid into the cells of the distal convoluted tubule of the nephron.'),
	(20108,'Carbonic anhydrase (CA) is an enzyme that catalyzes the rapid interconversion of carbon dioxide and water to bicarbonate and protons (or vice versa).'),
	(20109,'Deoxyribonucleic acid (DNA) is a molecule that encodes the genetic instructions used in the development and functioning of all known living organisms and many viruses. Drugs that target DNA such as anti-cancer drugs and anti-autoimmune drugs have differen'),
	(20110,'Thymidylate synthetase is an enzyme that is required for the synthesis of thymidinde monophosphate (dTMP) and subsequently dTTP. The step it catalyzes is a reductive methylation.'),
	(20111,'Dihydrofolate reductase (DHFR, human) is an enzyme that reduces dihydrofolic acid to tetrahydrofolic (THF) acid with NADPH as co-factor. THF is needed for the de novo synthesis of purines, thymidylic acid, and certain amino acids. '),
	(20112,'Type II topoisomerase cuts both strands of DNA helix in order to manage DNA supercoils during transcription and DNA replication. It needs ATP as energy source.'),
	(20113,'Type I topoisomerase cuts both strands of DNA helix in order to manage DNA supercoils during transcription and DNA replication. It is an ATP-independent enzyme.'),
	(20114,'Retinoid X receptor (RXR) is a nuclear receptor that mediates the biological effects of retinoids by acting as transcprition factor for genes controlling cell differentiation and cell proliferation.'),
	(20115,'Plasminogen is a protein formed in the liver that can be proteolytically cleaved to form the serine protease plasmin that acts to dissolve fibrin blood clots. '),
	(20116,'PPAR-α is a nuclear receptor that is involved in metabolism of carbohydrates and fats, as well as adipose tissue differentiation. This increases the synthesis of lipoprotein lipase thus decreases blood level of triglycerides.'),
	(20117,'H+/K+ ATPase is an enzyme cell membrane of parietal cells of the gastric mucosa that pumps protons into the stomach lumen and potassium into the cell. It is thus referred to as the \"proton pump\" or \"acid pump\". '),
	(20118,'Xanthine oxidase (XO) is an enzyme that plays an important role in the metabolism of purine bases by catalyzing the oxidation of xanthine to uric acid. '),
	(20119,'β-lactamase is an enzyme produced by some bacteria that provides resistance to β-lactam antibiotics such as penicillins, cephalosporins and carbapenems by breaking the β-lactam ring of the antibiotics\' structure.'),
	(20120,'Bacterial dihydrofolate reductase is an enzyme that catalyzes the reaction of DHF to THF (tetrahydrofolic acid), which is an essential precursor in the thymidine synthesis pathway.'),
	(20121,'CCR5 receptor is a protein expressed on the surface  of T cells  (and other leukocytes) and acts as a chemokine receptor. It has become a drug target structure since CCR5 is one of the ways that HIV uses to enter and infect host cells. '),
	(20122,'Integrase is a viral enzyme that integrates retroviral DNA into the host cell genome. It is one of the necessary steps for HIV to reproduce.'),
	(20123,'Protease is a type of enzymes that cleaves protein peptide bonds by hydrolysis. Some proteases that are interesting for pharmaceutical purposes are the HIV-1 protease and hepatitis C virus protease, that can both be inhibited by specific PIs (protease inh'),
	(20124,'Reverse transcriptase is an enzyme which generates complementary DNA (cDNA) from an RNA template. It is needed for the replication of retroviruses (e.g. HIV).'),
	(20125,'Thyroperoxidase (TPO) is an enzyme that oxidizes anion iodide (I-) to iodine (I0) which is an essential step in the synthesis of thyroid hormone precursor thyroglobulin. It thus leads to reduced production of T3 and T4 in the thyroid gland. '),
	(20126,'GABAb receptors are metabotropic G-protein receptors that are linked to K+ channels. Upon activation they stimulate the opening of potassium channels which leads to hyperpolarisation. GABAb receptors are thus considered inhibitory receptors.'),
	(20127,'Endothelin receptors (ET) are a family of G protein-coupled receptors whose activation by endothelin leads to elevation of intracellular calcium. ETa is found on smooth muscles of blood vessels and leads to vasoconstriction. Endothelin is one of the stron'),
	(20128,'PDE-3 (phosphodiesterase 3) is highly expressed in the heart and the rest of the cardiovascular system. It cleaves a covalent bond in cAMP and leads to its degradation. PDE-3 inhibitors thus lead to high cAMP levels which then results in increased PKA act');

/*!40000 ALTER TABLE `target` ENABLE KEYS */;
UNLOCK TABLES;


# Dump of table topic
# ------------------------------------------------------------

DROP TABLE IF EXISTS `topic`;

CREATE TABLE `topic` (
  `id` int(11) NOT NULL AUTO_INCREMENT,
  `topic` varchar(255) COLLATE utf8_unicode_ci NOT NULL,
  PRIMARY KEY (`id`)
) ENGINE=InnoDB DEFAULT CHARSET=utf8 COLLATE=utf8_unicode_ci;

LOCK TABLES `topic` WRITE;
/*!40000 ALTER TABLE `topic` DISABLE KEYS */;

INSERT INTO `topic` (`id`, `topic`)
VALUES
	(100,'biologics'),
	(101,'antidepressants & drugs for other neurologic disorders'),
	(102,'antiparkinsonian drugs & antidementiva'),
	(103,'antipsychotics '),
	(104,'anticonvulsants'),
	(105,'antibiotics & anti-TB drugs'),
	(106,'anticoagulant & fibrinolytic drugs'),
	(107,'diuretics'),
	(108,'antihypertensive drugs'),
	(109,'antiarrythmic drugs'),
	(110,'other cardiovascular drugs'),
	(111,'cancer therapy'),
	(112,'narcotics'),
	(113,'antiasthmatic & COPD drugs'),
	(114,'glucocorticoids'),
	(115,'histamine antagonist drugs'),
	(116,'pain treatment drugs: NSAIDS & opioids'),
	(117,'insomnia drugs & antiemetics'),
	(118,'antiviral & antimalaria & antimykotic drugs'),
	(119,'anti-diabetic medication'),
	(120,'immunosuppressants'),
	(121,'sex hormone related drugs'),
	(122,'drugs for other neurologic diseases'),
	(123,''),
	(124,''),
	(125,'miscellaneous I'),
	(126,'miscellaneous II'),
	(127,'antidotes/poisonin');

/*!40000 ALTER TABLE `topic` ENABLE KEYS */;
UNLOCK TABLES;



/*!40111 SET SQL_NOTES=@OLD_SQL_NOTES */;
/*!40101 SET SQL_MODE=@OLD_SQL_MODE */;
/*!40014 SET FOREIGN_KEY_CHECKS=@OLD_FOREIGN_KEY_CHECKS */;
/*!40101 SET CHARACTER_SET_CLIENT=@OLD_CHARACTER_SET_CLIENT */;
/*!40101 SET CHARACTER_SET_RESULTS=@OLD_CHARACTER_SET_RESULTS */;
/*!40101 SET COLLATION_CONNECTION=@OLD_COLLATION_CONNECTION */;
